{"type":"FeatureCollection","crs":{"type":"name","properties":{"name":"EPSG:4326"}},"features":[{"type":"Feature","geometry":{"type":"Polygon","coordinates":[[[-0.203742319568994,51.52062432557],[-0.201456503308317,51.5178025124761],[-0.200723106937701,51.5179782234529],[-0.199916228771765,51.5168480352109],[-0.199178343182813,51.5145533565738],[-0.198895648963394,51.5128963232235],[-0.201174373884225,51.5120140334256],[-0.201555422639089,51.5121835854018],[-0.204213006964212,51.5113762688589],[-0.204159024443051,51.5110993576839],[-0.205194601508087,51.5107842832035],[-0.209007107916751,51.5160205589113],[-0.210236843621863,51.5177379975999],[-0.207571978722423,51.5185030873241],[-0.204404315259601,51.5206542388269],[-0.204016070698377,51.5208496717389],[-0.203742319568994,51.52062432557]]]},"properties":{"WD22CD":"E05009392","WD22NM":"Colville","LAD22NM":"Kensington and Chelsea"}},{"type":"Feature","geometry":{"type":"Polygon","coordinates":[[[-0.184234923274109,51.5017946276641],[-0.188823681289934,51.5023843936938],[-0.190877214819161,51.5019781781954],[-0.19311360384684,51.5010270683741],[-0.198490748661585,51.4990935759988],[-0.203784687890067,51.5076854922465],[-0.203080497170899,51.5078931647682],[-0.200555932491938,51.5085829279953],[-0.196914427334531,51.5089469346582],[-0.192121606468868,51.5098744443778],[-0.189079283257286,51.5101220258654],[-0.187909071117506,51.5101804082721],[-0.184234923274109,51.5017946276641]]]},"properties":{"WD22CD":"E05009390","WD22NM":"Campden","LAD22NM":"Kensington and Chelsea"}},{"type":"Feature","geometry":{"type":"Polygon","coordinates":[[[-0.106643737721446,51.5166477047237],[-0.107796118174311,51.5176366084182],[-0.108973495422595,51.5177796565499],[-0.108970653212169,51.5159352729657],[-0.109626964522113,51.5147767652704],[-0.109422929255798,51.5141340948483],[-0.108457216420304,51.5142048329259],[-0.108466161985496,51.5108725422668],[-0.111477031113904,51.5108340378745],[-0.111504743977687,51.5116442614242],[-0.112388336494489,51.5127698746975],[-0.111712975846707,51.5131970675143],[-0.111954989297671,51.5136865272911],[-0.111075764616079,51.5138270939195],[-0.111581077794617,51.5153396471014],[-0.113795291953892,51.5182593202663],[-0.107807134757825,51.5177674867918],[-0.105322049415006,51.518544582242],[-0.101749342507811,51.5196829529722],[-0.100254255914613,51.5201314202724],[-0.0996640280727476,51.5193999119713],[-0.101108847942095,51.5188315889924],[-0.0986804744951656,51.5174397515111],[-0.0986208911376559,51.5166563701308],[-0.10165103279721,51.5167828756082],[-0.101972810007262,51.5162723134332],[-0.102935510517062,51.51656981775],[-0.103027390327875,51.5170640566917],[-0.104734800898242,51.5177013669342],[-0.105152971799643,51.5176649691987],[-0.105060395887299,51.517236189592],[-0.106175181686123,51.517552016315],[-0.106643737721446,51.5166477047237]]]},"properties":{"WD22CD":"E05009305","WD22NM":"Farringdon Without","LAD22NM":"City of London"}},{"type":"Feature","geometry":{"type":"Polygon","coordinates":[[[-0.110686877727987,51.5686110827298],[-0.111241235695614,51.5678718539539],[-0.110519048881552,51.5673599635716],[-0.111390174197056,51.5669321996931],[-0.111954695945769,51.5673089085258],[-0.112641377936813,51.5664058741076],[-0.115376840138841,51.565029154955],[-0.115909531117835,51.5653575837435],[-0.11616163513932,51.5651959931203],[-0.115808758320648,51.5649714424831],[-0.117654166349137,51.5638489685233],[-0.118659093749351,51.5637035905512],[-0.115162575147022,51.5603370432368],[-0.116432019200351,51.5594761610373],[-0.116734757734958,51.5597015856569],[-0.11881797187759,51.5587024606412],[-0.119457092441897,51.5578283306126],[-0.12574722959859,51.5622220692054],[-0.129226119311871,51.5638353291476],[-0.127488964534075,51.5651764945882],[-0.126446413776421,51.5648089977445],[-0.119079625345135,51.5685380139801],[-0.120313647945579,51.569705347998],[-0.115689761974841,51.572022035014],[-0.115017126763269,51.5705774869086],[-0.110686877727987,51.5686110827298]]]},"properties":{"WD22CD":"E05013712","WD22NM":"Tollington","LAD22NM":"Islington"}},{"type":"Feature","geometry":{"type":"Polygon","coordinates":[[[-0.0862004216421469,51.5188114598553],[-0.0842332751368131,51.5182027424174],[-0.0844397942800598,51.5177816949248],[-0.0856119501824042,51.5168467224401],[-0.0876213164474743,51.5171186511541],[-0.0879500445716501,51.5156533154886],[-0.0893190671314627,51.5156940623996],[-0.0888866227584846,51.5147149091235],[-0.0910847293565973,51.5149871567946],[-0.091046683415452,51.5154137498859],[-0.0909950581072254,51.5158198036426],[-0.0899281713907084,51.51579478712],[-0.0895335472914172,51.5174744601108],[-0.0911947835910714,51.5180752682842],[-0.0899644152889275,51.5199203241334],[-0.0908287781855854,51.5201736308475],[-0.0910563380814558,51.5197313357632],[-0.0924649497245722,51.5200690074071],[-0.0923541809364011,51.5210352346731],[-0.0896736961511622,51.520718376874],[-0.0899806274706262,51.5199725580095],[-0.0862004216421469,51.5188114598553]]]},"properties":{"WD22CD":"E05009299","WD22NM":"Coleman Street","LAD22NM":"City of London"}},{"type":"Feature","geometry":{"type":"Polygon","coordinates":[[[-0.204958896712611,51.4844300387307],[-0.207240547097305,51.4839696374238],[-0.210023336553259,51.483136032838],[-0.213903747276348,51.4825189431354],[-0.216175264182158,51.483269951213],[-0.219093213211429,51.4835712581976],[-0.218611077723141,51.482442117304],[-0.219694457408401,51.4824212812751],[-0.222140946722293,51.4814771985968],[-0.221565615471312,51.4805935255201],[-0.222801296272257,51.4800164729744],[-0.221810507015874,51.4768817037603],[-0.223286048456569,51.476695588804],[-0.223547941429191,51.477393454022],[-0.224024493505577,51.481699161579],[-0.223616529824783,51.4818944198542],[-0.224077293967389,51.4824337591475],[-0.225005632658715,51.4843061451728],[-0.226448500309481,51.486048019367],[-0.222203706704959,51.4877457357709],[-0.215876289527793,51.4893793253789],[-0.215912397536472,51.4898564844468],[-0.213709345863666,51.4901458585602],[-0.212388750318672,51.4881596515453],[-0.213232113155826,51.4879847813577],[-0.213012067421417,51.487493578192],[-0.213668677160074,51.4873359083502],[-0.213490685828482,51.4869755878561],[-0.212790611027133,51.4870090975674],[-0.212398872777127,51.4861852009953],[-0.210878901752239,51.4864854179384],[-0.210373195020264,51.486891751619],[-0.210133616278234,51.4865900526297],[-0.208157572742187,51.4869356311443],[-0.20688972992178,51.4852723910113],[-0.205486326025673,51.4854336581301],[-0.204958896712611,51.4844300387307]]]},"properties":{"WD22CD":"E05013738","WD22NM":"Fulham Reach","LAD22NM":"Hammersmith and Fulham"}},{"type":"Feature","geometry":{"type":"Polygon","coordinates":[[[-0.144469452461756,51.6001287754514],[-0.144270946109752,51.599711583235],[-0.143437593106558,51.5997743235791],[-0.143517291037515,51.6001814632337],[-0.143025236566014,51.6002184102976],[-0.141655191079386,51.5981572954094],[-0.142236626066408,51.5980098903642],[-0.141373931206189,51.5971681747608],[-0.141450769678204,51.5967073455438],[-0.140879197846338,51.5968740721545],[-0.140004450402356,51.5954352304702],[-0.140627986224435,51.5951198179333],[-0.139995729805901,51.5944113074128],[-0.140273079428725,51.5941379917316],[-0.140730544969134,51.5945538993787],[-0.140851774908402,51.5939365799193],[-0.142912655158745,51.5929331909279],[-0.143192951859719,51.5932912987232],[-0.143621834637074,51.5930780011157],[-0.143243496690232,51.5924730433731],[-0.143637654604621,51.5924174250726],[-0.143609673816521,51.5919982959897],[-0.145275430446667,51.5925782574985],[-0.148552181471853,51.5919895694804],[-0.148563081791972,51.5916947901745],[-0.149157719822379,51.5916388031964],[-0.149029066654215,51.5913155450818],[-0.149457276698504,51.5912174809292],[-0.149032618085601,51.5890399888337],[-0.149566617779249,51.5889829418993],[-0.149304635032772,51.5881498595788],[-0.150541102623955,51.5880467191794],[-0.149958537357409,51.5868224843711],[-0.148178789951249,51.586846995406],[-0.148074517312187,51.5862200895905],[-0.151046747530967,51.5854765554192],[-0.151582225662657,51.5857448683151],[-0.154819948530341,51.5831635667638],[-0.156403516204003,51.5830537091808],[-0.157806348460103,51.5835134378909],[-0.158105501988859,51.5833308596925],[-0.156178591629202,51.5822628883673],[-0.155320261111227,51.5814841474942],[-0.155575274313043,51.5813280887403],[-0.157774345861688,51.5823527045622],[-0.158192397536495,51.5820789191007],[-0.161121071865791,51.5824892347225],[-0.160956674748631,51.5830396949208],[-0.163075965247494,51.5843790403926],[-0.161321501018199,51.5852781759238],[-0.159617382195295,51.5844628864253],[-0.157940625642769,51.5857359864779],[-0.157896449412873,51.5862191256628],[-0.157158754391415,51.5862030538117],[-0.157404460804921,51.586571091332],[-0.158679522992836,51.5866333521001],[-0.158615063308456,51.5879775852844],[-0.160247634409978,51.5879798067871],[-0.15945527742074,51.5915823940472],[-0.15866381572486,51.5920564249414],[-0.158838432518651,51.5923774960319],[-0.159649923746813,51.5922679603334],[-0.161761102286481,51.5974788597696],[-0.156296125347311,51.6053698665318],[-0.155961655063883,51.6054460080446],[-0.156115831733849,51.6050995356589],[-0.154618197271147,51.6041389823061],[-0.153286768722833,51.6026810136761],[-0.153437959180917,51.6008732928856],[-0.153004923655352,51.5992333829552],[-0.151354654288673,51.5974507811202],[-0.144469452461756,51.6001287754514]]]},"properties":{"WD22CD":"E05013589","WD22NM":"Fortis Green","LAD22NM":"Haringey"}},{"type":"Feature","geometry":{"type":"Polygon","coordinates":[[[-0.076241569267745,51.5749362539641],[-0.0767823219237451,51.5743213564942],[-0.0785898028128432,51.5746477648609],[-0.0800273740486405,51.5716587647653],[-0.0797228053494725,51.5705306494992],[-0.0811669511543689,51.5701604514387],[-0.082286762569478,51.5713603421468],[-0.0829928196148476,51.5713512166572],[-0.0831980202509634,51.5706585656497],[-0.0840909696381469,51.5700463829722],[-0.0877846474247927,51.5695401592927],[-0.0881305126932795,51.567658259724],[-0.0918339212294388,51.5652924817208],[-0.0917719742061208,51.5640828522367],[-0.092435360054862,51.5639164592538],[-0.0940745637885908,51.5671588672057],[-0.0952256609668471,51.5671685933433],[-0.0960747549593684,51.5676015044617],[-0.0964370128236119,51.5673223177916],[-0.0970188777479099,51.5676249302041],[-0.0967653563304927,51.5681351296169],[-0.0980851359901437,51.568491072013],[-0.0976062804436883,51.5688673509379],[-0.0980737731247675,51.5691053885655],[-0.0960294323642091,51.5706563650951],[-0.0976377322755438,51.5736548617879],[-0.0965873329994774,51.5738173100576],[-0.0946847456631323,51.573591444273],[-0.093557347583833,51.5739767217706],[-0.0913639247790671,51.5740057547019],[-0.0899552794001748,51.5743884366154],[-0.0868463853873256,51.5742944994818],[-0.0872052791831269,51.5747008924763],[-0.085661658737207,51.5750398010949],[-0.080850464827002,51.5756399223644],[-0.076241569267745,51.5749362539641]]]},"properties":{"WD22CD":"E05009387","WD22NM":"Woodberry Down","LAD22NM":"Hackney"}},{"type":"Feature","geometry":{"type":"Polygon","coordinates":[[[-0.104370616733993,51.5647782736229],[-0.0995655142792235,51.5615627979077],[-0.100975634504413,51.56145142168],[-0.101055099594836,51.5610951475572],[-0.102409235232023,51.5606870469849],[-0.103569998442132,51.5616890790046],[-0.105222778760073,51.562129093738],[-0.106799510585983,51.5619174588398],[-0.107780128884602,51.5592971028758],[-0.109441110548003,51.5567246948495],[-0.111183502378058,51.5584756769011],[-0.11691859999943,51.5560901465955],[-0.119457092441897,51.5578283306126],[-0.11881797187759,51.5587024606412],[-0.116734757734958,51.5597015856569],[-0.116432019200351,51.5594761610373],[-0.115162575147022,51.5603370432368],[-0.118659093749351,51.5637035905512],[-0.117654166349137,51.5638489685233],[-0.115808758320648,51.5649714424831],[-0.11616163513932,51.5651959931203],[-0.115909531117835,51.5653575837435],[-0.115376840138841,51.565029154955],[-0.112641377936813,51.5664058741076],[-0.111954695945769,51.5673089085258],[-0.111390174197056,51.5669321996931],[-0.110519048881552,51.5673599635716],[-0.111241235695614,51.5678718539539],[-0.110686877727987,51.5686110827298],[-0.104845353213092,51.564637608854],[-0.104370616733993,51.5647782736229]]]},"properties":{"WD22CD":"E05013703","WD22NM":"Finsbury Park","LAD22NM":"Islington"}},{"type":"Feature","geometry":{"type":"Polygon","coordinates":[[[-0.138380743969641,51.5418178124098],[-0.137561069942509,51.5408839576542],[-0.137485538954274,51.5407934252287],[-0.139091528406554,51.5410439394133],[-0.139878407729634,51.5405135896422],[-0.139332063159206,51.5398767852095],[-0.141409418080943,51.5391226266006],[-0.139936467352813,51.5375845845075],[-0.143530731045792,51.5364521308471],[-0.145353037491618,51.536431758558],[-0.14628240247291,51.5367646062807],[-0.151153060734249,51.5412643625327],[-0.153115520298077,51.5423403827652],[-0.155008380868182,51.5428965450369],[-0.154729024001669,51.5433353335442],[-0.152635077667815,51.5438671266052],[-0.147327675557463,51.5425006480096],[-0.146895722010047,51.5433211545766],[-0.145897007071677,51.5439125257042],[-0.146424581113286,51.54546710166],[-0.141553275985396,51.5451768409208],[-0.138380743969641,51.5418178124098]]]},"properties":{"WD22CD":"E05013655","WD22NM":"Camden Town","LAD22NM":"Camden"}},{"type":"Feature","geometry":{"type":"Polygon","coordinates":[[[-0.0986761912237796,51.5153632168622],[-0.0963001344557799,51.5144839010176],[-0.0944623044628541,51.5141779600583],[-0.0951304265005198,51.5126550901368],[-0.0965158450346187,51.5129046799912],[-0.0966759362713651,51.5119009160088],[-0.097196334688646,51.5118967751419],[-0.0984550176480706,51.5119522543864],[-0.0984137948606676,51.5129417669911],[-0.0990985882151111,51.5129708502605],[-0.0990837652961776,51.5132925496336],[-0.0970436094292501,51.5134509496292],[-0.0972260643641339,51.5144673747619],[-0.099824930504684,51.5139772099312],[-0.100168955588638,51.5133290163123],[-0.100816059817529,51.5134329968991],[-0.101060651077026,51.5130979372579],[-0.100524321595745,51.5158374677596],[-0.0986761912237796,51.5153632168622]]]},"properties":{"WD22CD":"E05009293","WD22NM":"Bread Street","LAD22NM":"City of London"}},{"type":"Feature","geometry":{"type":"Polygon","coordinates":[[[-0.197339667992266,51.5278963565528],[-0.19744620560205,51.5252450060379],[-0.193466897853192,51.5264884240461],[-0.190278996818331,51.5249370706737],[-0.189803526836799,51.5247033974883],[-0.194611805048488,51.5229468890887],[-0.201627326296794,51.5242562081916],[-0.201614842679578,51.5227436735689],[-0.203857073346846,51.5234605571821],[-0.205877802727768,51.5257405148946],[-0.207295433042116,51.5262405492271],[-0.207239933510615,51.5264429611726],[-0.205466902815376,51.5262179878401],[-0.204038875255665,51.5254695578835],[-0.203431214708707,51.5289655574385],[-0.201403075004127,51.5285550101486],[-0.203048508167563,51.5328985049476],[-0.203020689610941,51.5329005500129],[-0.201664597032715,51.5325616586031],[-0.201083314962219,51.5319097769965],[-0.198273424132331,51.530446684125],[-0.19791576062554,51.5299376580601],[-0.198050045084519,51.5286177337701],[-0.197774131922657,51.5279021998699],[-0.197339667992266,51.5278963565528]]]},"properties":{"WD22CD":"E05013795","WD22NM":"Harrow Road","LAD22NM":"Westminster"}},{"type":"Feature","geometry":{"type":"Polygon","coordinates":[[[-0.0794131992919227,51.551653660736],[-0.0777229404119908,51.5494658731379],[-0.0764143303156497,51.5473185319317],[-0.0763511582163224,51.5463543983299],[-0.0768126392849643,51.5460813997276],[-0.0838093677597725,51.5465901347409],[-0.0964691223392019,51.5473050982839],[-0.098584145517551,51.546763246356],[-0.0980367731547147,51.5498835380748],[-0.0957398700994325,51.549998971948],[-0.0957115790927395,51.5507929089043],[-0.0947714978507815,51.5508185389513],[-0.0947705345033306,51.5505324239423],[-0.093910398246114,51.5507316903425],[-0.0940589757938809,51.5514477009493],[-0.0936083610894736,51.5511424580728],[-0.0926254950653108,51.5516307186724],[-0.0929002550453241,51.5538048077936],[-0.0923246934034232,51.5538074258253],[-0.0923425850466947,51.5569449596419],[-0.0903892852395189,51.5575769993214],[-0.0903769291555827,51.5541520244099],[-0.0892739334970745,51.5537434045064],[-0.0885580819590148,51.5539451712028],[-0.0875258585822857,51.5528249667574],[-0.0854778567641694,51.552163828519],[-0.0802610079766654,51.5519112497789],[-0.0794131992919227,51.551653660736]]]},"properties":{"WD22CD":"E05013709","WD22NM":"Mildmay","LAD22NM":"Islington"}},{"type":"Feature","geometry":{"type":"Polygon","coordinates":[[[-0.138372221484241,51.5568664506386],[-0.137152877301541,51.5553992063266],[-0.135229907875061,51.5545898626851],[-0.134353438542746,51.5536227099102],[-0.131001011590044,51.5515136884853],[-0.130691568284157,51.5506740014336],[-0.140854618495148,51.55086368395],[-0.143878219952379,51.5517666647362],[-0.147766415418032,51.5524673062212],[-0.148247256623484,51.5532342316213],[-0.145809106822034,51.5559133941397],[-0.141784533349094,51.5573025956637],[-0.141997676641346,51.5575415762724],[-0.139414037002799,51.5582441525867],[-0.138372221484241,51.5568664506386]]]},"properties":{"WD22CD":"E05013663","WD22NM":"Kentish Town North","LAD22NM":"Camden"}},{"type":"Feature","geometry":{"type":"Polygon","coordinates":[[[-0.0923541809364011,51.5210352346731],[-0.0924649497245722,51.5200690074071],[-0.0910563380814558,51.5197313357632],[-0.0908287781855854,51.5201736308475],[-0.0899644152889275,51.5199203241334],[-0.0911947835910714,51.5180752682842],[-0.0930669966259539,51.5185257548532],[-0.0941612859392767,51.5176928108109],[-0.0953630463462368,51.5174928893789],[-0.094929525296818,51.5181818631701],[-0.0953187481301042,51.5183492018075],[-0.095195278137662,51.5189070128267],[-0.0943902133359438,51.5198377153684],[-0.0943155745552006,51.5206943420229],[-0.0952467699337671,51.5205391116161],[-0.0955144527688571,51.5217228785716],[-0.097382426222659,51.5215942974358],[-0.097944360036117,51.5228773701882],[-0.096760135788335,51.52332312423],[-0.0964436642363311,51.5228233499717],[-0.0950625766069462,51.5231390330961],[-0.0943185708892914,51.5214848957182],[-0.0924906282435756,51.521487533861],[-0.0923541809364011,51.5210352346731]]]},"properties":{"WD22CD":"E05009302","WD22NM":"Cripplegate","LAD22NM":"City of London"}},{"type":"Feature","geometry":{"type":"Polygon","coordinates":[[[-0.106306158327329,51.5796008207412],[-0.105014407246785,51.5757438310442],[-0.106155015503298,51.5659607084694],[-0.104034742251588,51.5649679882959],[-0.104370616733993,51.5647782736229],[-0.104845353213092,51.564637608854],[-0.110686877727987,51.5686110827298],[-0.115017126763269,51.5705774869086],[-0.115689761974841,51.572022035014],[-0.116101832968498,51.5721928732296],[-0.11555930895323,51.5725752985567],[-0.117559322018184,51.5741505421594],[-0.11954102784845,51.5743873916338],[-0.118867764102146,51.5747348402581],[-0.114351702182963,51.5762437321546],[-0.115084939429421,51.5771907377599],[-0.114470629767347,51.5772508717819],[-0.114598177302487,51.5774736669748],[-0.117011806368254,51.5806105037525],[-0.115852649546415,51.580544671966],[-0.115946003834189,51.5808116111661],[-0.112477442526326,51.5817120097136],[-0.111916316779908,51.5821497202189],[-0.110191822346282,51.5799832626579],[-0.109369187534882,51.5801352054999],[-0.107500063170599,51.5798726274538],[-0.106657425499627,51.5794296154745],[-0.106306158327329,51.5796008207412]]]},"properties":{"WD22CD":"E05013600","WD22NM":"Stroud Green","LAD22NM":"Haringey"}},{"type":"Feature","geometry":{"type":"Polygon","coordinates":[[[-0.232225691146582,51.5709688919372],[-0.228794005496332,51.5679708755647],[-0.225464942662933,51.5658676174199],[-0.220632876744405,51.5616707747097],[-0.223449009781656,51.5611374484414],[-0.22855945176684,51.5585257173435],[-0.231406779075903,51.5575689490287],[-0.242429614252139,51.555062251623],[-0.247114353390887,51.5533112002323],[-0.250836672385772,51.5510175195419],[-0.250211092741861,51.5520426433491],[-0.250456269702369,51.5531068746279],[-0.251394414408508,51.5539086825237],[-0.253127032532872,51.5546609728174],[-0.252623791529205,51.5556636142704],[-0.253588404929502,51.5580018042637],[-0.253472775730123,51.5598775408998],[-0.250801366200855,51.5646541956207],[-0.248881415992963,51.5658800571319],[-0.245281468746092,51.5670956526038],[-0.246309735154243,51.568327247839],[-0.247000297052359,51.5686222543882],[-0.247368466404112,51.5689553981684],[-0.246529970585946,51.5690346764364],[-0.246032764521433,51.5698410302458],[-0.246534021616145,51.5698655921482],[-0.245983948837557,51.5709599153347],[-0.246692018699673,51.5715711927271],[-0.246017393305839,51.5721888065232],[-0.24521688006503,51.5719169557731],[-0.244263853490763,51.5725672612509],[-0.243620832069927,51.5723274188503],[-0.241990414460518,51.572807559616],[-0.241349566742146,51.5726595252619],[-0.241083320206781,51.5721195561599],[-0.2399442589105,51.5723911720862],[-0.239970358631102,51.5720885094321],[-0.238841190296791,51.5722549894257],[-0.23798975736685,51.57177195839],[-0.238150080936737,51.5721025879065],[-0.237696280700793,51.5721209556436],[-0.237639286969924,51.5724743971979],[-0.235896559144726,51.572310702558],[-0.235375708525285,51.5725699762984],[-0.235619692070545,51.5722705856165],[-0.234560990843306,51.5717735323174],[-0.233417226134089,51.5719829583993],[-0.232225691146582,51.5709688919372]]]},"properties":{"WD22CD":"E05013500","WD22NM":"Dollis Hill","LAD22NM":"Brent"}},{"type":"Feature","geometry":{"type":"Polygon","coordinates":[[[-0.205194601508087,51.5107842832035],[-0.203080497170899,51.5078931647682],[-0.203784687890067,51.5076854922465],[-0.217010788529331,51.5045026471463],[-0.217966167965558,51.5061461261029],[-0.2159395239743,51.5064024702982],[-0.216119502145437,51.5075207244803],[-0.215179030097773,51.5076480723849],[-0.215521628734731,51.5083942416232],[-0.211687671536241,51.5091659042737],[-0.211290707336694,51.5100465411809],[-0.209546363501037,51.5105387439342],[-0.211830324745305,51.5136724560474],[-0.21078101196999,51.514998130887],[-0.209007107916751,51.5160205589113],[-0.205194601508087,51.5107842832035]]]},"properties":{"WD22CD":"E05009398","WD22NM":"Norland","LAD22NM":"Kensington and Chelsea"}},{"type":"Feature","geometry":{"type":"Polygon","coordinates":[[[-0.218353173916773,51.5767978982275],[-0.222485539786651,51.5736653894578],[-0.228218195089736,51.5724409639953],[-0.232225691146582,51.5709688919372],[-0.233417226134089,51.5719829583993],[-0.234560990843306,51.5717735323174],[-0.235619692070545,51.5722705856165],[-0.235375708525285,51.5725699762984],[-0.235896559144726,51.572310702558],[-0.237639286969924,51.5724743971979],[-0.237696280700793,51.5721209556436],[-0.238150080936737,51.5721025879065],[-0.23798975736685,51.57177195839],[-0.238841190296791,51.5722549894257],[-0.239970358631102,51.5720885094321],[-0.2399442589105,51.5723911720862],[-0.241083320206781,51.5721195561599],[-0.241349566742146,51.5726595252619],[-0.241990414460518,51.572807559616],[-0.243620832069927,51.5723274188503],[-0.244263853490763,51.5725672612509],[-0.24521688006503,51.5719169557731],[-0.246017393305839,51.5721888065232],[-0.246692018699673,51.5715711927271],[-0.245983948837557,51.5709599153347],[-0.246534021616145,51.5698655921482],[-0.246032764521433,51.5698410302458],[-0.246529970585946,51.5690346764364],[-0.247368466404112,51.5689553981684],[-0.247000297052359,51.5686222543882],[-0.248681476873416,51.5685469604864],[-0.249403467852704,51.5689075180741],[-0.252485540325603,51.5715081571312],[-0.253106306419443,51.5724409222569],[-0.251330420206201,51.5731384816937],[-0.252598161459345,51.574926107232],[-0.254605477664772,51.5796742895405],[-0.254309822683298,51.5815870920606],[-0.251712644278942,51.583384459652],[-0.248258935357435,51.5843665773622],[-0.249489440729929,51.5855746189987],[-0.248847514304999,51.5857919729648],[-0.248573814764971,51.5854886194683],[-0.245959384419539,51.5860395131425],[-0.245113502629523,51.5870642712743],[-0.243306719500856,51.5867917449506],[-0.243160638151963,51.5837269917291],[-0.239487425540456,51.5842533511249],[-0.238410238926358,51.5880573965505],[-0.234795882684154,51.5876182954374],[-0.2318761492113,51.5866004588251],[-0.227148812437627,51.5829645234354],[-0.226842154079018,51.5816851998648],[-0.225084099717265,51.5795779757585],[-0.218353173916773,51.5767978982275]]]},"properties":{"WD22CD":"E05013649","WD22NM":"West Hendon","LAD22NM":"Barnet"}},{"type":"Feature","geometry":{"type":"Polygon","coordinates":[[[-0.139913430080004,51.5797844589587],[-0.139995133626813,51.5786881339569],[-0.138254771846199,51.5791045688619],[-0.133393892888697,51.5728727412005],[-0.138317943054664,51.5706033196083],[-0.140680232576802,51.5693997886124],[-0.142389915041378,51.5691229084999],[-0.143829476915696,51.5699154773454],[-0.150324995779949,51.5715763987195],[-0.158837176903217,51.5721957429138],[-0.160429466577038,51.5727899440138],[-0.164275280740102,51.5725039423817],[-0.16734751541648,51.5729727609312],[-0.171259811936078,51.5724322033182],[-0.171156070685904,51.5736149105998],[-0.169458638009245,51.573984080432],[-0.169728018866214,51.576401885623],[-0.169320258483431,51.577428728722],[-0.168063027233258,51.5769289516662],[-0.166812965842414,51.5786566205145],[-0.167036151576451,51.5817553223118],[-0.16619027130465,51.5820442604441],[-0.165721243381212,51.5832239595172],[-0.163720834836006,51.5843292743011],[-0.163075965247494,51.5843790403926],[-0.160956674748631,51.5830396949208],[-0.161121071865791,51.5824892347225],[-0.158192397536495,51.5820789191007],[-0.157774345861688,51.5823527045622],[-0.155575274313043,51.5813280887403],[-0.155320261111227,51.5814841474942],[-0.156178591629202,51.5822628883673],[-0.158105501988859,51.5833308596925],[-0.157806348460103,51.5835134378909],[-0.156403516204003,51.5830537091808],[-0.154819948530341,51.5831635667638],[-0.151582225662657,51.5857448683151],[-0.151046747530967,51.5854765554192],[-0.148074517312187,51.5862200895905],[-0.147560043367753,51.5862201203191],[-0.147391556721918,51.5843465882328],[-0.14697528056081,51.5843957718792],[-0.146237695512709,51.5825178705855],[-0.14694198302969,51.580633384431],[-0.14449406367521,51.5811148081176],[-0.144170193768719,51.5796741537521],[-0.142299935151143,51.580248804789],[-0.139788100917609,51.5803267075207],[-0.139913430080004,51.5797844589587]]]},"properties":{"WD22CD":"E05013592","WD22NM":"Highgate","LAD22NM":"Haringey"}},{"type":"Feature","geometry":{"type":"Polygon","coordinates":[[[-0.17576552433296,51.5396167268367],[-0.173896380620828,51.5394787764227],[-0.174116240229673,51.5382016557547],[-0.173485635946981,51.5376342787527],[-0.17622748077307,51.5363222179957],[-0.176089126900714,51.5360135091538],[-0.168957647843202,51.530121996237],[-0.174099429303008,51.5276636577886],[-0.171939792855637,51.5264310232544],[-0.173718837556147,51.5261053210356],[-0.176826267876741,51.524626254039],[-0.181358550027571,51.5283880825431],[-0.188748581031736,51.5345256984123],[-0.18772622142824,51.5350359157018],[-0.183848345465745,51.5383805750199],[-0.18015581511083,51.5395634509378],[-0.178328139673015,51.539794984165],[-0.17576552433296,51.5396167268367]]]},"properties":{"WD22CD":"E05013792","WD22NM":"Abbey Road","LAD22NM":"Westminster"}},{"type":"Feature","geometry":{"type":"Polygon","coordinates":[[[-0.207977648253101,51.4960231558301],[-0.209947933510649,51.4956926478795],[-0.216626367598658,51.4933729626055],[-0.219451384300693,51.49323412163],[-0.224873012016475,51.4931754434928],[-0.225976754346381,51.4987757800671],[-0.225460796714628,51.498806015049],[-0.225048319473687,51.4984498716017],[-0.224796519725749,51.4972813361623],[-0.222826191764947,51.4971631948124],[-0.222061084744017,51.4997049878719],[-0.219323817081996,51.4991916532976],[-0.215621265905032,51.5011989590722],[-0.21621194153748,51.5016240842602],[-0.215021105449591,51.5021889065966],[-0.214109276103222,51.5007712791706],[-0.210246339787453,51.4981288398297],[-0.207977648253101,51.4960231558301]]]},"properties":{"WD22CD":"E05013735","WD22NM":"Brook Green","LAD22NM":"Hammersmith and Fulham"}},{"type":"Feature","geometry":{"type":"Polygon","coordinates":[[[-0.0917208658954034,51.5602294857003],[-0.0903892852395189,51.5575769993214],[-0.0923425850466947,51.5569449596419],[-0.0923246934034232,51.5538074258253],[-0.0929002550453241,51.5538048077936],[-0.0926254950653108,51.5516307186724],[-0.0936083610894736,51.5511424580728],[-0.0940589757938809,51.5514477009493],[-0.093910398246114,51.5507316903425],[-0.0947705345033306,51.5505324239423],[-0.0947714978507815,51.5508185389513],[-0.0957115790927395,51.5507929089043],[-0.0957398700994325,51.549998971948],[-0.0980367731547147,51.5498835380748],[-0.098584145517551,51.546763246356],[-0.10047738313786,51.5463007165492],[-0.102280676078748,51.5460832368057],[-0.103279988394838,51.5462494339054],[-0.10535406909208,51.5473580348349],[-0.109490542969847,51.550538956304],[-0.108150520293117,51.5515514831633],[-0.105978011540141,51.5520424641743],[-0.105063821458262,51.5526769518778],[-0.105605760609881,51.5554962633948],[-0.0981094244647801,51.5557795783819],[-0.0985613418320497,51.5608398450544],[-0.0960059358899743,51.5612290597996],[-0.0917208658954034,51.5602294857003]]]},"properties":{"WD22CD":"E05013704","WD22NM":"Highbury","LAD22NM":"Islington"}},{"type":"Feature","geometry":{"type":"Polygon","coordinates":[[[-0.148247256623484,51.5532342316213],[-0.147766415418032,51.5524673062212],[-0.147187426561649,51.5487985259621],[-0.149665714545626,51.5508371446976],[-0.15300701947282,51.5491693990471],[-0.154223999499189,51.5504136108373],[-0.156731270314568,51.5510105571294],[-0.159570170797365,51.5505402861449],[-0.15958496591105,51.5498701166989],[-0.160490614034293,51.5488375716941],[-0.161736873857539,51.5486819230184],[-0.167722998627606,51.5524833164824],[-0.167402342986262,51.5537449915747],[-0.164991237607547,51.5541841887139],[-0.166102004398913,51.5550701813093],[-0.162962233723056,51.5557109031686],[-0.158558585505163,51.5561056480529],[-0.155350714314341,51.5562378292479],[-0.152547046279128,51.5557931167293],[-0.150017780072923,51.5547375670621],[-0.148247256623484,51.5532342316213]]]},"properties":{"WD22CD":"E05013658","WD22NM":"Gospel Oak","LAD22NM":"Camden"}},{"type":"Feature","geometry":{"type":"Polygon","coordinates":[[[-0.0985415560835235,51.5431538620716],[-0.0981411109919962,51.5418414424561],[-0.0924800814433106,51.5385721819809],[-0.0865582719666779,51.5373667814732],[-0.0865907957638547,51.5372571635935],[-0.0896640268378087,51.5360095892947],[-0.0931413182455204,51.5343941301494],[-0.0942813975008898,51.5356066862161],[-0.0938190405622215,51.5357868473329],[-0.0947510829097066,51.5366061221527],[-0.096171273412287,51.5357337620143],[-0.0966359265865885,51.5361642299102],[-0.0986763014685225,51.5347412148849],[-0.101939503189372,51.5363507775103],[-0.103908194489941,51.535478785278],[-0.105987020676487,51.5331945115413],[-0.106908001139944,51.533884282239],[-0.107202589665554,51.5351277773552],[-0.106847301810303,51.5388373641058],[-0.106111051447393,51.5408749982128],[-0.102809208286613,51.5411563510257],[-0.103047188436513,51.5424228987859],[-0.10007269976635,51.5428217908844],[-0.100141196434296,51.5430827192961],[-0.0995935603166223,51.5431851885473],[-0.0994817820490401,51.5429739989381],[-0.0985415560835235,51.5431538620716]]]},"properties":{"WD22CD":"E05013710","WD22NM":"St Mary's & St James'","LAD22NM":"Islington"}},{"type":"Feature","geometry":{"type":"Polygon","coordinates":[[[-0.166327639845282,51.4908210339719],[-0.164947671079682,51.4889892046645],[-0.170109654028659,51.4869565586809],[-0.17664100784228,51.4840520888267],[-0.177360016743843,51.48310555618],[-0.186523906968959,51.4798711622544],[-0.188260468993328,51.48096480817],[-0.185832960419002,51.4830714258951],[-0.179100505429893,51.487101892155],[-0.171653953669417,51.4918834809411],[-0.169658540272311,51.493004259464],[-0.166327639845282,51.4908210339719]]]},"properties":{"WD22CD":"E05009405","WD22NM":"Stanley","LAD22NM":"Kensington and Chelsea"}},{"type":"Feature","geometry":{"type":"Polygon","coordinates":[[[-0.207295433042116,51.5262405492271],[-0.212673952451153,51.5268684960775],[-0.215546934485741,51.5267216493086],[-0.216004504140691,51.5279299344382],[-0.215859199419389,51.5297271709472],[-0.215080056955814,51.5302602969212],[-0.215182844575574,51.5313912776595],[-0.211026819218635,51.5319610537415],[-0.207623525527539,51.5328218655354],[-0.203048508167563,51.5328985049476],[-0.201403075004127,51.5285550101486],[-0.203431214708707,51.5289655574385],[-0.204038875255665,51.5254695578835],[-0.205466902815376,51.5262179878401],[-0.207239933510615,51.5264429611726],[-0.207295433042116,51.5262405492271]]]},"properties":{"WD22CD":"E05013804","WD22NM":"Queen's Park","LAD22NM":"Westminster"}},{"type":"Feature","geometry":{"type":"Polygon","coordinates":[[[-0.0951304265005198,51.5126550901368],[-0.0920064686492838,51.5120040275153],[-0.0925583945064007,51.5107621134087],[-0.0912270951072467,51.5105147086759],[-0.091866003141197,51.5094076549016],[-0.0919203141094347,51.5094150052456],[-0.0952308931544928,51.5101800166688],[-0.094596235631204,51.5111405550549],[-0.0947066656498848,51.5118113988718],[-0.0951595283299795,51.5118367370006],[-0.0953499968796839,51.5111393153068],[-0.0970812353214012,51.5115109359116],[-0.097196334688646,51.5118967751419],[-0.0966759362713651,51.5119009160088],[-0.0965158450346187,51.5129046799912],[-0.0951304265005198,51.5126550901368]]]},"properties":{"WD22CD":"E05009311","WD22NM":"Vintry","LAD22NM":"City of London"}},{"type":"Feature","geometry":{"type":"Polygon","coordinates":[[[-0.130691568284157,51.5506740014336],[-0.130136742169827,51.5496204420755],[-0.129106175158119,51.5488381413114],[-0.136942943825475,51.5432475536927],[-0.138380743969641,51.5418178124098],[-0.141553275985396,51.5451768409208],[-0.146424581113286,51.54546710166],[-0.147187426561649,51.5487985259621],[-0.147766415418032,51.5524673062212],[-0.143878219952379,51.5517666647362],[-0.140854618495148,51.55086368395],[-0.130691568284157,51.5506740014336]]]},"properties":{"WD22CD":"E05013664","WD22NM":"Kentish Town South","LAD22NM":"Camden"}},{"type":"Feature","geometry":{"type":"Polygon","coordinates":[[[-0.209007107916751,51.5160205589113],[-0.21078101196999,51.514998130887],[-0.211830324745305,51.5136724560474],[-0.209546363501037,51.5105387439342],[-0.211290707336694,51.5100465411809],[-0.211687671536241,51.5091659042737],[-0.215521628734731,51.5083942416232],[-0.215797339025457,51.5091161077113],[-0.216817842915334,51.5094453813954],[-0.217185744616799,51.5103934017084],[-0.218028251005032,51.510228561694],[-0.21786467381903,51.5097607541179],[-0.219262545467358,51.5095761038162],[-0.220246973729936,51.5117337451814],[-0.222452182381575,51.5154108510613],[-0.216527862202244,51.5159085051848],[-0.210236843621863,51.5177379975999],[-0.209007107916751,51.5160205589113]]]},"properties":{"WD22CD":"E05009399","WD22NM":"Notting Dale","LAD22NM":"Kensington and Chelsea"}},{"type":"Feature","geometry":{"type":"Polygon","coordinates":[[[-0.0960269609113205,51.598321173548],[-0.0962331954794161,51.597951164327],[-0.095824534786819,51.5979488380415],[-0.0952269640308575,51.5968047344859],[-0.0950668630727222,51.5952644250391],[-0.103365798536797,51.590461660493],[-0.112634269294649,51.5882241640032],[-0.115465802441589,51.5918933357738],[-0.120037034168247,51.5975654661349],[-0.119330599835775,51.5978335852978],[-0.118850898377196,51.5974956046655],[-0.117537648894006,51.5969694331545],[-0.114161597499085,51.5964021732796],[-0.107849699176337,51.5974497331749],[-0.100849714820567,51.5994806616625],[-0.0994837458179891,51.599548165977],[-0.0960269609113205,51.598321173548]]]},"properties":{"WD22CD":"E05013595","WD22NM":"Noel Park","LAD22NM":"Haringey"}},{"type":"Feature","geometry":{"type":"Polygon","coordinates":[[[-0.0694966836269731,51.5940625093351],[-0.0704153684486653,51.5890011378623],[-0.0721320352565085,51.5839796285537],[-0.0753178597407321,51.5842174433753],[-0.0783279741233938,51.5851804615199],[-0.0818627050194702,51.5852643799917],[-0.0842264798092667,51.585674342401],[-0.0868017501149662,51.5862282459414],[-0.0869400507012225,51.5868851136264],[-0.0841907899761686,51.5882596819583],[-0.0829848413393082,51.5885073079429],[-0.0834597371499452,51.590110074858],[-0.0826791968652975,51.5906729952706],[-0.0829792530763123,51.5919569167403],[-0.0834096851822105,51.5919258539446],[-0.083395653887238,51.5931174565321],[-0.0789889842096696,51.594032163237],[-0.0789353959268641,51.5936900976757],[-0.0774306024376739,51.5939434779291],[-0.0772439413108462,51.5943048925895],[-0.0755989860873156,51.5945615065211],[-0.0728828916983328,51.5959369009026],[-0.072578836357831,51.5957376282833],[-0.0720553273405856,51.5959857779395],[-0.0694966836269731,51.5940625093351]]]},"properties":{"WD22CD":"E05013601","WD22NM":"Tottenham Central","LAD22NM":"Haringey"}},{"type":"Feature","geometry":{"type":"Polygon","coordinates":[[[-0.184942891422216,51.5195254123183],[-0.18332536633873,51.5184064900173],[-0.182081140114269,51.5175454304906],[-0.18834060967901,51.5158110960268],[-0.188242545483388,51.5154118150869],[-0.18964780608945,51.5152289597446],[-0.188551749954953,51.5126253421485],[-0.189789181752331,51.5124386652656],[-0.189079283257286,51.5101220258654],[-0.192121606468868,51.5098744443778],[-0.192960337020273,51.5118149615843],[-0.194040577650261,51.5117578762556],[-0.195049639830061,51.515033034598],[-0.199178343182813,51.5145533565738],[-0.199916228771765,51.5168480352109],[-0.196996891493448,51.5172595483758],[-0.197871627368834,51.5187398683295],[-0.195096688974616,51.5192730939387],[-0.195143516697357,51.5205489699384],[-0.191172616297774,51.5197054487315],[-0.184942891422216,51.5195254123183]]]},"properties":{"WD22CD":"E05013793","WD22NM":"Bayswater","LAD22NM":"Westminster"}},{"type":"Feature","geometry":{"type":"Polygon","coordinates":[[[-0.171653953669417,51.4918834809411],[-0.179100505429893,51.487101892155],[-0.181241018434688,51.4887294988467],[-0.183918487918973,51.4921810173634],[-0.187964337421367,51.490925291715],[-0.188540239988331,51.4916239071372],[-0.191145946186529,51.4941748768054],[-0.191102271815383,51.4947317694565],[-0.189480689127471,51.4946833735118],[-0.179032508389729,51.4953138272485],[-0.177651830221103,51.4954345164408],[-0.177326126069862,51.4939582242249],[-0.17671062220642,51.4940025971161],[-0.175937021296426,51.4932469061783],[-0.174975798167894,51.4936500829188],[-0.173860631671519,51.4936192391909],[-0.171653953669417,51.4918834809411]]]},"properties":{"WD22CD":"E05009393","WD22NM":"Courtfield","LAD22NM":"Kensington and Chelsea"}},{"type":"Feature","geometry":{"type":"Polygon","coordinates":[[[-0.0838093677597725,51.5465901347409],[-0.0836339530226071,51.5450664932731],[-0.0865582719666779,51.5373667814732],[-0.0924800814433106,51.5385721819809],[-0.0981411109919962,51.5418414424561],[-0.0985415560835235,51.5431538620716],[-0.10047738313786,51.5463007165492],[-0.098584145517551,51.546763246356],[-0.0964691223392019,51.5473050982839],[-0.0838093677597725,51.5465901347409]]]},"properties":{"WD22CD":"E05013701","WD22NM":"Canonbury","LAD22NM":"Islington"}},{"type":"Feature","geometry":{"type":"Polygon","coordinates":[[[-0.161641146385814,51.5142188510758],[-0.167442734284429,51.5181154943003],[-0.165985740390241,51.5192585880439],[-0.165246888495999,51.5207699720101],[-0.164271913941335,51.5209412266352],[-0.152357643598051,51.5230585494822],[-0.147957055444403,51.5234780462583],[-0.147315588882114,51.5229806216395],[-0.146330971022631,51.5228497245812],[-0.14416827956103,51.5179528107961],[-0.143331103697988,51.5178610458131],[-0.142961958513316,51.5173733884812],[-0.161641146385814,51.5142188510758]]]},"properties":{"WD22CD":"E05013801","WD22NM":"Marylebone","LAD22NM":"Westminster"}},{"type":"Feature","geometry":{"type":"MultiPolygon","coordinates":[[[[-0.104150925679572,51.5085440183301],[-0.104684269537331,51.5084052681602],[-0.104675765428944,51.5086146083979],[-0.104150925679572,51.5085440183301]]],[[[-0.10446430990365,51.5145684065639],[-0.103935927293051,51.5117775772441],[-0.101770527649913,51.5121067506706],[-0.101060651077026,51.5130979372579],[-0.100816059817529,51.5134329968991],[-0.100168955588638,51.5133290163123],[-0.099824930504684,51.5139772099312],[-0.0972260643641339,51.5144673747619],[-0.0970436094292501,51.5134509496292],[-0.0990837652961776,51.5132925496336],[-0.0990985882151111,51.5129708502605],[-0.0984137948606676,51.5129417669911],[-0.0984550176480706,51.5119522543864],[-0.099655061712122,51.5117208812611],[-0.0998065877454091,51.5108169764466],[-0.0998734402015337,51.5108270155986],[-0.108459061987331,51.5108726328147],[-0.108466161985496,51.5108725422668],[-0.108457216420304,51.5142048329259],[-0.109422929255798,51.5141340948483],[-0.109626964522113,51.5147767652704],[-0.108970653212169,51.5159352729657],[-0.108973495422595,51.5177796565499],[-0.107796118174311,51.5176366084182],[-0.106643737721446,51.5166477047237],[-0.106216195576587,51.515661500421],[-0.10446430990365,51.5145684065639]]]]},"properties":{"WD22CD":"E05009297","WD22NM":"Castle Baynard","LAD22NM":"City of London"}},{"type":"Feature","geometry":{"type":"Polygon","coordinates":[[[-0.127488964534075,51.5651764945882],[-0.129226119311871,51.5638353291476],[-0.12574722959859,51.5622220692054],[-0.127773496758891,51.5606130716802],[-0.129966933527468,51.5595981793679],[-0.128797423774313,51.5584433220895],[-0.132324817822417,51.5581132090392],[-0.131817042375764,51.5574436257876],[-0.138372221484241,51.5568664506386],[-0.139414037002799,51.5582441525867],[-0.141005511242233,51.5604323028087],[-0.14065561569734,51.5645551916864],[-0.142389915041378,51.5691229084999],[-0.140680232576802,51.5693997886124],[-0.138317943054664,51.5706033196083],[-0.136104764918942,51.5680803762031],[-0.13512695246122,51.5684097714281],[-0.13232189444441,51.5672254938604],[-0.131554510362491,51.5678558857566],[-0.127488964534075,51.5651764945882]]]},"properties":{"WD22CD":"E05013707","WD22NM":"Junction","LAD22NM":"Islington"}},{"type":"Feature","geometry":{"type":"Polygon","coordinates":[[[-0.124729605072858,51.4946105369984],[-0.124730497680254,51.4946065513011],[-0.125395133896375,51.4916402175481],[-0.128375395394043,51.488225442402],[-0.128391884295819,51.4882065475041],[-0.131512874923402,51.4896078769303],[-0.140628270721253,51.4940201985586],[-0.142711032747907,51.4965536260831],[-0.13560188020681,51.4974981023095],[-0.135674445336805,51.4964793012803],[-0.134744342034133,51.4962649620608],[-0.133718416067193,51.4965147359604],[-0.132477958003024,51.4949232045129],[-0.124729605072858,51.4946105369984]]]},"properties":{"WD22CD":"E05013807","WD22NM":"Vincent Square","LAD22NM":"Westminster"}},{"type":"Feature","geometry":{"type":"Polygon","coordinates":[[[-0.142389915041378,51.5691229084999],[-0.14065561569734,51.5645551916864],[-0.141005511242233,51.5604323028087],[-0.139414037002799,51.5582441525867],[-0.141997676641346,51.5575415762724],[-0.141784533349094,51.5573025956637],[-0.145809106822034,51.5559133941397],[-0.148247256623484,51.5532342316213],[-0.150017780072923,51.5547375670621],[-0.152547046279128,51.5557931167293],[-0.155350714314341,51.5562378292479],[-0.158558585505163,51.5561056480529],[-0.159100611813335,51.5562580307035],[-0.161337398355892,51.5587781764551],[-0.162215463899679,51.5589609845905],[-0.164448494248505,51.5620349227834],[-0.166108755205874,51.5631961679459],[-0.168514220118711,51.5641041924375],[-0.172431786914158,51.5667789419343],[-0.172473399530526,51.5703747765508],[-0.173435927702792,51.5711019804725],[-0.171259811936078,51.5724322033182],[-0.16734751541648,51.5729727609312],[-0.164275280740102,51.5725039423817],[-0.160429466577038,51.5727899440138],[-0.158837176903217,51.5721957429138],[-0.150324995779949,51.5715763987195],[-0.143829476915696,51.5699154773454],[-0.142389915041378,51.5691229084999]]]},"properties":{"WD22CD":"E05013661","WD22NM":"Highgate","LAD22NM":"Camden"}},{"type":"Feature","geometry":{"type":"Polygon","coordinates":[[[-0.179100505429893,51.487101892155],[-0.185832960419002,51.4830714258951],[-0.188260468993328,51.48096480817],[-0.190774699191433,51.4831691609101],[-0.193597057618934,51.4858143945013],[-0.195964004161259,51.4873733014086],[-0.190131645747452,51.4895225933475],[-0.191161934405098,51.4907893670637],[-0.188540239988331,51.4916239071372],[-0.187964337421367,51.490925291715],[-0.183918487918973,51.4921810173634],[-0.181241018434688,51.4887294988467],[-0.179100505429893,51.487101892155]]]},"properties":{"WD22CD":"E05009402","WD22NM":"Redcliffe","LAD22NM":"Kensington and Chelsea"}},{"type":"Feature","geometry":{"type":"Polygon","coordinates":[[[-0.0911565262369554,51.5136484311555],[-0.0897213622774144,51.5133993166609],[-0.0906323897413872,51.5131534400233],[-0.0900905452442905,51.5128433556468],[-0.0907193725000472,51.5116962027953],[-0.0920064686492838,51.5120040275153],[-0.0951304265005198,51.5126550901368],[-0.0944623044628541,51.5141779600583],[-0.0911565262369554,51.5136484311555]]]},"properties":{"WD22CD":"E05009300","WD22NM":"Cordwainer","LAD22NM":"City of London"}},{"type":"Feature","geometry":{"type":"Polygon","coordinates":[[[-0.207295433042116,51.5262405492271],[-0.205877802727768,51.5257405148946],[-0.203857073346846,51.5234605571821],[-0.201614842679578,51.5227436735689],[-0.200623441843964,51.5207121283961],[-0.202644682954983,51.5209006815364],[-0.203742319568994,51.52062432557],[-0.204016070698377,51.5208496717389],[-0.204404315259601,51.5206542388269],[-0.207571978722423,51.5185030873241],[-0.210236843621863,51.5177379975999],[-0.212874154576667,51.5223105361061],[-0.215546934485741,51.5267216493086],[-0.212673952451153,51.5268684960775],[-0.207295433042116,51.5262405492271]]]},"properties":{"WD22CD":"E05009396","WD22NM":"Golborne","LAD22NM":"Kensington and Chelsea"}},{"type":"Feature","geometry":{"type":"Polygon","coordinates":[[[-0.106111051447393,51.5408749982128],[-0.106847301810303,51.5388373641058],[-0.107202589665554,51.5351277773552],[-0.106908001139944,51.533884282239],[-0.105987020676487,51.5331945115413],[-0.106257140740625,51.5319047326703],[-0.114166862243296,51.5313790591455],[-0.114861845238504,51.5347797143616],[-0.116996110628488,51.5350083654453],[-0.116560762704095,51.5369481967381],[-0.115972593186623,51.5371956713591],[-0.115811525985701,51.5378133559912],[-0.116906851048447,51.5421755529938],[-0.116889967489534,51.5425669126951],[-0.116130638418078,51.5427422127755],[-0.116437037710365,51.5431848315788],[-0.107812005365312,51.54522889526],[-0.106111051447393,51.5408749982128]]]},"properties":{"WD22CD":"E05013698","WD22NM":"Barnsbury","LAD22NM":"Islington"}},{"type":"Feature","geometry":{"type":"Polygon","coordinates":[[[-0.0953630463462368,51.5174928893789],[-0.0960218149852339,51.5160764890313],[-0.096953575934373,51.5163370483479],[-0.0969041785424075,51.516794926033],[-0.0985239249036573,51.5166305234032],[-0.0984969286501124,51.517278458572],[-0.0970144149341536,51.5180215358257],[-0.0975685901436759,51.5211767277461],[-0.097382426222659,51.5215942974358],[-0.0955144527688571,51.5217228785716],[-0.0952467699337671,51.5205391116161],[-0.0943155745552006,51.5206943420229],[-0.0943902133359438,51.5198377153684],[-0.095195278137662,51.5189070128267],[-0.0953187481301042,51.5183492018075],[-0.094929525296818,51.5181818631701],[-0.0953630463462368,51.5174928893789]]]},"properties":{"WD22CD":"E05009288","WD22NM":"Aldersgate","LAD22NM":"City of London"}},{"type":"Feature","geometry":{"type":"Polygon","coordinates":[[[-0.161321501018199,51.5852781759238],[-0.163075965247494,51.5843790403926],[-0.163720834836006,51.5843292743011],[-0.165721243381212,51.5832239595172],[-0.16619027130465,51.5820442604441],[-0.167036151576451,51.5817553223118],[-0.166812965842414,51.5786566205145],[-0.168063027233258,51.5769289516662],[-0.169320258483431,51.577428728722],[-0.169728018866214,51.576401885623],[-0.169458638009245,51.573984080432],[-0.171156070685904,51.5736149105998],[-0.171259811936078,51.5724322033182],[-0.173435927702792,51.5711019804725],[-0.17370554690985,51.5699200548506],[-0.174381522625196,51.5692561527316],[-0.178053053975561,51.5704337373878],[-0.178281173837698,51.5700339039467],[-0.180949346771069,51.569671122727],[-0.180808592516493,51.5694387073703],[-0.182108655035085,51.5687238900824],[-0.18480929361201,51.5705986824808],[-0.185628292907638,51.5698717243957],[-0.186592806875173,51.5702742200675],[-0.185978846662737,51.5714332979907],[-0.192190577056182,51.5739410094094],[-0.189746592074055,51.5749247464153],[-0.195559059434635,51.5764540981839],[-0.192459923021285,51.5780309597579],[-0.194193139349099,51.5795052123547],[-0.19886410607717,51.5819837256797],[-0.199101924390967,51.5831657555134],[-0.198553505065446,51.5832369148038],[-0.198997867494291,51.5845001446336],[-0.198788277619972,51.5853944399534],[-0.198285055928619,51.5853859945021],[-0.198275876802054,51.5856916509944],[-0.198876117021916,51.5856613057839],[-0.19916384366274,51.5860565316575],[-0.199044908541061,51.5885016422518],[-0.199820280539814,51.5885104558082],[-0.199793702167016,51.5897786450202],[-0.196447088153037,51.5895856182307],[-0.193259339324619,51.5900297797056],[-0.191092164795845,51.590873313829],[-0.184562333372765,51.5944052703879],[-0.179134839270312,51.591875076916],[-0.180045307345284,51.590280903064],[-0.180549209985228,51.5880309316885],[-0.179924158464397,51.5879604166643],[-0.179808540528887,51.5883496878461],[-0.178951776109783,51.5887284599942],[-0.177348656483953,51.5880614922591],[-0.175695245540512,51.5886958329724],[-0.173093115946167,51.5874525814131],[-0.168817634875351,51.5871628908477],[-0.168890715557572,51.5889953481978],[-0.16803129405158,51.5894198631432],[-0.165802952374948,51.58775517865],[-0.161321501018199,51.5852781759238]]]},"properties":{"WD22CD":"E05013641","WD22NM":"Garden Suburb","LAD22NM":"Barnet"}},{"type":"Feature","geometry":{"type":"Polygon","coordinates":[[[-0.104675765428944,51.5086146083979],[-0.104684269537331,51.5084052681602],[-0.104150925679572,51.5085440183301],[-0.0961130164085671,51.5083783316937],[-0.092076988110946,51.5072300138532],[-0.0881483393038312,51.5069149142955],[-0.0885150174986902,51.5060353248454],[-0.0917411161881288,51.5032155849448],[-0.0932341239170022,51.5012101503206],[-0.097240488152611,51.498925443383],[-0.098815933555683,51.4975426778482],[-0.100608115892126,51.5006958033405],[-0.105709446907162,51.5010615870293],[-0.106673596269221,51.5012282805251],[-0.106474237492275,51.5015707886063],[-0.105916624737803,51.5020333869678],[-0.106077481040306,51.5025242815782],[-0.106757427141596,51.5022096234348],[-0.107392355517294,51.5030356321396],[-0.106403245614518,51.5033666726586],[-0.106485995859914,51.5050629747791],[-0.107339278581603,51.5070720748597],[-0.108165120623374,51.506922229912],[-0.108713517082427,51.5077653673179],[-0.10885685391314,51.5084260718197],[-0.104720650732497,51.5085579651482],[-0.104683527016222,51.5086156519705],[-0.104675765428944,51.5086146083979]]]},"properties":{"WD22CD":"E05011095","WD22NM":"Borough & Bankside","LAD22NM":"Southwark"}},{"type":"Feature","geometry":{"type":"Polygon","coordinates":[[[-0.103270072235539,51.4912554950667],[-0.108460594138318,51.4858488370339],[-0.106359454257488,51.4848986139185],[-0.107188345370241,51.4836503928788],[-0.105615907340678,51.4829427901431],[-0.106018259689177,51.4826980486562],[-0.104036137322092,51.480903935414],[-0.108214348827061,51.4802903184263],[-0.110745856637937,51.4813227218587],[-0.113515310295152,51.4828057588403],[-0.11303520715901,51.4835309179154],[-0.113748666188691,51.4843171107887],[-0.113502512735879,51.4844419549412],[-0.114055107458944,51.4846969638535],[-0.113272951700372,51.4853495824722],[-0.113671738386392,51.4865924156177],[-0.114468396456773,51.4865914609277],[-0.114618001328784,51.4869366343845],[-0.113024413740892,51.4870276638301],[-0.114844628238113,51.4888856249185],[-0.114504907363571,51.4890054114315],[-0.114914160344561,51.4894471208344],[-0.114484636986032,51.4899846060791],[-0.118728379782777,51.4916854427013],[-0.118191666737099,51.4924032727678],[-0.11677643061449,51.4935913290452],[-0.115515432858249,51.4955132062018],[-0.111466566638069,51.4964588687304],[-0.110930787047626,51.4954681500033],[-0.104852361347688,51.4935279326282],[-0.103270072235539,51.4912554950667]]]},"properties":{"WD22CD":"E05014105","WD22NM":"Kennington","LAD22NM":"Lambeth"}},{"type":"Feature","geometry":{"type":"Polygon","coordinates":[[[-0.0852866214607926,51.4939521554195],[-0.0867100081202956,51.4942263031021],[-0.0943312351141251,51.4941498140082],[-0.0998084071740396,51.4950613754799],[-0.100074776513409,51.4958886536691],[-0.098815933555683,51.4975426778482],[-0.097240488152611,51.498925443383],[-0.0932341239170022,51.5012101503206],[-0.0917411161881288,51.5032155849448],[-0.088388741283029,51.5021673109726],[-0.0892429655278758,51.500727067055],[-0.0839914799727153,51.4984876026899],[-0.0814035893397275,51.4979444238337],[-0.0822987929972354,51.4969374268985],[-0.0819046618854047,51.496648684385],[-0.0848237096182282,51.4946864703375],[-0.0852866214607926,51.4939521554195]]]},"properties":{"WD22CD":"E05011098","WD22NM":"Chaucer","LAD22NM":"Southwark"}},{"type":"Feature","geometry":{"type":"Polygon","coordinates":[[[-0.0767823219237451,51.5743213564942],[-0.0778560335961843,51.5730179749986],[-0.0726528035865992,51.5724243996958],[-0.0728370952445815,51.57028177397],[-0.0730810546601441,51.5653938427535],[-0.0744204904523936,51.5655543087316],[-0.0763262617606658,51.5667942352806],[-0.0784651441063105,51.5672276783797],[-0.084707353990364,51.5658479540943],[-0.0917719742061208,51.5640828522367],[-0.0918339212294388,51.5652924817208],[-0.0881305126932795,51.567658259724],[-0.0877846474247927,51.5695401592927],[-0.0840909696381469,51.5700463829722],[-0.0831980202509634,51.5706585656497],[-0.0829928196148476,51.5713512166572],[-0.082286762569478,51.5713603421468],[-0.0811669511543689,51.5701604514387],[-0.0797228053494725,51.5705306494992],[-0.0800273740486405,51.5716587647653],[-0.0785898028128432,51.5746477648609],[-0.0767823219237451,51.5743213564942]]]},"properties":{"WD22CD":"E05009384","WD22NM":"Stamford Hill West","LAD22NM":"Hackney"}},{"type":"Feature","geometry":{"type":"Polygon","coordinates":[[[-0.0849960244072782,51.5262047436291],[-0.0867690317325755,51.5257908223839],[-0.087413558800756,51.5259596562416],[-0.088629666525124,51.527388309476],[-0.0914896770890562,51.5281974727228],[-0.0953762347456557,51.5292004291996],[-0.0950865645592961,51.5300539072869],[-0.0970072775126515,51.53298432942],[-0.0931413182455204,51.5343941301494],[-0.0896640268378087,51.5360095892947],[-0.0876687278494624,51.5333548438798],[-0.0863084019881658,51.5337471745294],[-0.0861994712346385,51.5331473750592],[-0.0830064075811121,51.5332004457925],[-0.082918256733914,51.530563205613],[-0.0835966285131202,51.5290708053249],[-0.0837152903453545,51.5265548043744],[-0.0849960244072782,51.5262047436291]]]},"properties":{"WD22CD":"E05009378","WD22NM":"Hoxton West","LAD22NM":"Hackney"}},{"type":"Feature","geometry":{"type":"Polygon","coordinates":[[[-0.225606160118026,51.5989475636173],[-0.220935701869002,51.5974503367554],[-0.216345636390856,51.5948657590685],[-0.213148071440852,51.5936784701063],[-0.211844209371551,51.5913229086364],[-0.209435930446187,51.589415543952],[-0.207265153559598,51.5888019101613],[-0.205078325997086,51.5888213409758],[-0.207262519081115,51.5882020707534],[-0.208775499364817,51.5872852087561],[-0.210828917281323,51.5838924915957],[-0.21179280288197,51.581237770851],[-0.21473531816332,51.5784890899731],[-0.218353173916773,51.5767978982275],[-0.225084099717265,51.5795779757585],[-0.226842154079018,51.5816851998648],[-0.227148812437627,51.5829645234354],[-0.2318761492113,51.5866004588251],[-0.234795882684154,51.5876182954374],[-0.238410238926358,51.5880573965505],[-0.236789704772989,51.5924227412061],[-0.236391750556045,51.5959987946539],[-0.237095570158362,51.5991661638355],[-0.238458146760112,51.601727261466],[-0.234617849384985,51.6013740754246],[-0.225606160118026,51.5989475636173]]]},"properties":{"WD22CD":"E05013643","WD22NM":"Hendon","LAD22NM":"Barnet"}},{"type":"Feature","geometry":{"type":"Polygon","coordinates":[[[-0.179906561423405,51.5201004248778],[-0.184942891422216,51.5195254123183],[-0.191172616297774,51.5197054487315],[-0.195143516697357,51.5205489699384],[-0.195096688974616,51.5192730939387],[-0.197871627368834,51.5187398683295],[-0.196996891493448,51.5172595483758],[-0.199916228771765,51.5168480352109],[-0.200723106937701,51.5179782234529],[-0.201456503308317,51.5178025124761],[-0.203742319568994,51.52062432557],[-0.202644682954983,51.5209006815364],[-0.200623441843964,51.5207121283961],[-0.201614842679578,51.5227436735689],[-0.201627326296794,51.5242562081916],[-0.194611805048488,51.5229468890887],[-0.189803526836799,51.5247033974883],[-0.186893353727861,51.5232886000193],[-0.187797349402135,51.5225044717278],[-0.183549677177577,51.5211532783955],[-0.181467996814999,51.5210859551031],[-0.179906561423405,51.5201004248778]]]},"properties":{"WD22CD":"E05013809","WD22NM":"Westbourne","LAD22NM":"Westminster"}},{"type":"Feature","geometry":{"type":"Polygon","coordinates":[[[-0.218422048537653,51.5486967861266],[-0.220879576494587,51.5471718834396],[-0.221271706617939,51.546499787864],[-0.224596688179502,51.5461997959569],[-0.224648709337357,51.5464675727892],[-0.225355660285161,51.5462574997507],[-0.22776636318805,51.5469906366139],[-0.22932203751393,51.5465242128961],[-0.229279757017087,51.5456423431371],[-0.232206187879065,51.5456441162709],[-0.232585813708808,51.5455874763902],[-0.23294907948867,51.546146390963],[-0.232127968493605,51.5469024368943],[-0.23276271232231,51.5470846562317],[-0.23603367902588,51.5472483864137],[-0.238209635162842,51.5481080593423],[-0.239458392131429,51.5471851853065],[-0.240651330314484,51.548252333084],[-0.239021184573152,51.5488947664091],[-0.239141685153647,51.5491508374638],[-0.241701855875307,51.551039268556],[-0.242533275922942,51.5521979328061],[-0.24299497523429,51.5525394290294],[-0.247114353390887,51.5533112002323],[-0.242429614252139,51.555062251623],[-0.231406779075903,51.5575689490287],[-0.23060631355481,51.5568842341096],[-0.231012859166712,51.555924104196],[-0.23062012749578,51.5547994992355],[-0.228818528087524,51.5549085597941],[-0.22801554263472,51.5540697881688],[-0.226813938174991,51.5536341533814],[-0.219919245392158,51.5533667739592],[-0.218620341734359,51.5527264496424],[-0.217486652085782,51.5526824647195],[-0.219314948464584,51.54981207925],[-0.220193457704291,51.5499640252334],[-0.220355774659697,51.5497066690739],[-0.219439436424536,51.5495468320565],[-0.219735509207666,51.5489004009724],[-0.218422048537653,51.5486967861266]]]},"properties":{"WD22CD":"E05013517","WD22NM":"Willesden Green","LAD22NM":"Brent"}},{"type":"Feature","geometry":{"type":"Polygon","coordinates":[[[-0.210236843621863,51.5177379975999],[-0.216527862202244,51.5159085051848],[-0.222452182381575,51.5154108510613],[-0.226539154579125,51.5195790558103],[-0.225132451554076,51.5202034491055],[-0.217278277451052,51.5189450610559],[-0.218626259648294,51.5212631220705],[-0.212874154576667,51.5223105361061],[-0.210236843621863,51.5177379975999]]]},"properties":{"WD22CD":"E05009404","WD22NM":"St. Helen's","LAD22NM":"Kensington and Chelsea"}},{"type":"Feature","geometry":{"type":"Polygon","coordinates":[[[-0.0789889842096696,51.594032163237],[-0.083395653887238,51.5931174565321],[-0.0834096851822105,51.5919258539446],[-0.0829792530763123,51.5919569167403],[-0.0826791968652975,51.5906729952706],[-0.0834597371499452,51.590110074858],[-0.0829848413393082,51.5885073079429],[-0.0841907899761686,51.5882596819583],[-0.0869400507012225,51.5868851136264],[-0.0868017501149662,51.5862282459414],[-0.0886145252935113,51.5864589348187],[-0.0939235228656619,51.5860303710961],[-0.0982869956392587,51.5873089198925],[-0.102146422537342,51.5889073694097],[-0.103365798536797,51.590461660493],[-0.0950668630727222,51.5952644250391],[-0.0952269640308575,51.5968047344859],[-0.095824534786819,51.5979488380415],[-0.0962331954794161,51.597951164327],[-0.0960269609113205,51.598321173548],[-0.0859863197201772,51.5978529384698],[-0.0794767978392264,51.5981885817776],[-0.0793576432093503,51.5969936188091],[-0.0787934183725541,51.5969613312498],[-0.0789889842096696,51.594032163237]]]},"properties":{"WD22CD":"E05013603","WD22NM":"West Green","LAD22NM":"Haringey"}},{"type":"Feature","geometry":{"type":"Polygon","coordinates":[[[-0.191458547220205,51.5362913453065],[-0.193010385552928,51.5339907017339],[-0.192349128445324,51.5332115994251],[-0.192867664814705,51.5321351156918],[-0.19654408945392,51.5276557632008],[-0.197339667992266,51.5278963565528],[-0.197774131922657,51.5279021998699],[-0.198050045084519,51.5286177337701],[-0.19791576062554,51.5299376580601],[-0.198273424132331,51.530446684125],[-0.201083314962219,51.5319097769965],[-0.201664597032715,51.5325616586031],[-0.203020689610941,51.5329005500129],[-0.204339073984006,51.5339198442164],[-0.199255467937392,51.5350048496284],[-0.201107176329609,51.5369342932173],[-0.202117399348233,51.5377721520998],[-0.202610088581166,51.5377931901804],[-0.204055911897964,51.5407755824474],[-0.207654204874829,51.5425920102704],[-0.201907715003858,51.5452888464907],[-0.191458547220205,51.5362913453065]]]},"properties":{"WD22CD":"E05013503","WD22NM":"Kilburn","LAD22NM":"Brent"}},{"type":"Feature","geometry":{"type":"Polygon","coordinates":[[[-0.098815933555683,51.4975426778482],[-0.100074776513409,51.4958886536691],[-0.0998084071740396,51.4950613754799],[-0.100660304744526,51.4946966880926],[-0.100368126528807,51.4933394712127],[-0.101782842043611,51.4922976694346],[-0.103270072235539,51.4912554950667],[-0.104852361347688,51.4935279326282],[-0.110930787047626,51.4954681500033],[-0.111466566638069,51.4964588687304],[-0.11025774232304,51.4967632911564],[-0.108266982298513,51.5004426032095],[-0.106474237492275,51.5015707886063],[-0.106673596269221,51.5012282805251],[-0.105709446907162,51.5010615870293],[-0.100608115892126,51.5006958033405],[-0.098815933555683,51.4975426778482]]]},"properties":{"WD22CD":"E05011114","WD22NM":"St George's","LAD22NM":"Southwark"}},{"type":"Feature","geometry":{"type":"Polygon","coordinates":[[[-0.184234923274109,51.5017946276641],[-0.180311745243243,51.5014622351373],[-0.179546548954858,51.4977795217552],[-0.179032508389729,51.4953138272485],[-0.189480689127471,51.4946833735118],[-0.188462058659819,51.4963564348841],[-0.188944912905483,51.4962757888635],[-0.189359799026087,51.4981310971109],[-0.190159668960507,51.4981236649566],[-0.190163479952474,51.4986479359386],[-0.19311360384684,51.5010270683741],[-0.190877214819161,51.5019781781954],[-0.188823681289934,51.5023843936938],[-0.184234923274109,51.5017946276641]]]},"properties":{"WD22CD":"E05009401","WD22NM":"Queen's Gate","LAD22NM":"Kensington and Chelsea"}},{"type":"Feature","geometry":{"type":"Polygon","coordinates":[[[-0.125062587090604,51.5411433179081],[-0.123049504006118,51.5385002295501],[-0.122374740902916,51.5368869398225],[-0.12253019496056,51.5307275716894],[-0.119870070991019,51.5309394886792],[-0.115990695256413,51.5298448215257],[-0.115406440049286,51.5277240028512],[-0.112923408795948,51.5264107148457],[-0.114227491789358,51.5255189133939],[-0.115938992002982,51.5243602513096],[-0.121857906993595,51.5229924852766],[-0.124224634781916,51.5269792272545],[-0.126191722998352,51.5291205644903],[-0.128622482612542,51.5334757924782],[-0.126536663775962,51.5341489537563],[-0.126333641155928,51.5346937907901],[-0.128761974434672,51.5369612601484],[-0.132408843292803,51.5383220712161],[-0.136617650373953,51.5407940088841],[-0.137485538954274,51.5407934252287],[-0.137561069942509,51.5408839576542],[-0.135835355635257,51.5414694508048],[-0.132031316513159,51.5411462969177],[-0.125062587090604,51.5411433179081]]]},"properties":{"WD22CD":"E05013666","WD22NM":"King's Cross","LAD22NM":"Camden"}},{"type":"Feature","geometry":{"type":"Polygon","coordinates":[[[-0.0851340032649037,51.5119207743681],[-0.0859944736403219,51.5103017628658],[-0.0879518313063048,51.5102284176868],[-0.0884350379577494,51.5104593408568],[-0.0879927420707456,51.5111778155696],[-0.0893839631498887,51.5114415174222],[-0.0883689549035897,51.5127919285408],[-0.0851340032649037,51.5119207743681]]]},"properties":{"WD22CD":"E05009296","WD22NM":"Candlewick","LAD22NM":"City of London"}},{"type":"Feature","geometry":{"type":"Polygon","coordinates":[[[-0.171232030021368,51.5066780255957],[-0.172180252934044,51.5067726059221],[-0.172977113728342,51.5058321306765],[-0.174550463411965,51.5033369302892],[-0.174677579680423,51.5021599564779],[-0.180360441972785,51.5017787900247],[-0.180311745243243,51.5014622351373],[-0.184234923274109,51.5017946276641],[-0.187909071117506,51.5101804082721],[-0.189079283257286,51.5101220258654],[-0.189789181752331,51.5124386652656],[-0.188551749954953,51.5126253421485],[-0.18964780608945,51.5152289597446],[-0.188242545483388,51.5154118150869],[-0.18834060967901,51.5158110960268],[-0.182081140114269,51.5175454304906],[-0.18332536633873,51.5184064900173],[-0.180180813015298,51.5180780949],[-0.180451803331622,51.5179488098601],[-0.174666200563527,51.514077911093],[-0.176018028586576,51.5133174910863],[-0.173990874093835,51.5118456890982],[-0.172277497620776,51.5120120130273],[-0.172737835709478,51.5111122705702],[-0.17065033454105,51.5098527195459],[-0.170387842296678,51.5073834152065],[-0.171232030021368,51.5066780255957]]]},"properties":{"WD22CD":"E05013798","WD22NM":"Lancaster Gate","LAD22NM":"Westminster"}},{"type":"Feature","geometry":{"type":"Polygon","coordinates":[[[-0.167722998627606,51.5524833164824],[-0.161736873857539,51.5486819230184],[-0.158947341210002,51.5470379072174],[-0.159414830325082,51.5463495238943],[-0.161277839067888,51.5454653462211],[-0.162887329511883,51.5455241074284],[-0.173473099736871,51.5441227443171],[-0.175081583707601,51.5435893305212],[-0.17595317167673,51.5447121227426],[-0.178409359885517,51.5457745383203],[-0.179537192577749,51.5468907587462],[-0.180252385666018,51.5476633337619],[-0.179608389722853,51.5478954724762],[-0.180161645451293,51.5484855709336],[-0.179688426521464,51.5501144362074],[-0.179837603549235,51.5518338780722],[-0.177174370727562,51.5526776901827],[-0.176445144971766,51.552162272915],[-0.175901709895852,51.5523115985774],[-0.17589061210848,51.5516835623185],[-0.175071986675058,51.5516735946267],[-0.171625691690797,51.5528883386462],[-0.16917059943922,51.5532130172021],[-0.167722998627606,51.5524833164824]]]},"properties":{"WD22CD":"E05013652","WD22NM":"Belsize","LAD22NM":"Camden"}},{"type":"Feature","geometry":{"type":"Polygon","coordinates":[[[-0.092435360054862,51.5639164592538],[-0.0916909770539199,51.5619493641928],[-0.0917208658954034,51.5602294857003],[-0.0960059358899743,51.5612290597996],[-0.0985613418320497,51.5608398450544],[-0.0995655142792235,51.5615627979077],[-0.104370616733993,51.5647782736229],[-0.104034742251588,51.5649679882959],[-0.0980737731247675,51.5691053885655],[-0.0976062804436883,51.5688673509379],[-0.0980851359901437,51.568491072013],[-0.0967653563304927,51.5681351296169],[-0.0970188777479099,51.5676249302041],[-0.0964370128236119,51.5673223177916],[-0.0960747549593684,51.5676015044617],[-0.0952256609668471,51.5671685933433],[-0.0940745637885908,51.5671588672057],[-0.092435360054862,51.5639164592538]]]},"properties":{"WD22CD":"E05009367","WD22NM":"Brownswood","LAD22NM":"Hackney"}},{"type":"Feature","geometry":{"type":"Polygon","coordinates":[[[-0.11691859999943,51.5560901465955],[-0.111490046457585,51.5520103160757],[-0.115347093241297,51.5500914108692],[-0.116470979278242,51.5509327149356],[-0.118912498974381,51.5486206838298],[-0.119783268688443,51.547346002686],[-0.119598300452885,51.5468257788379],[-0.126329931049997,51.545038324673],[-0.127177963298738,51.5476650110207],[-0.129106175158119,51.5488381413114],[-0.123774801690953,51.5533793918474],[-0.121108972876758,51.556549341116],[-0.119457092441897,51.5578283306126],[-0.11691859999943,51.5560901465955]]]},"properties":{"WD22CD":"E05013706","WD22NM":"Holloway","LAD22NM":"Islington"}},{"type":"Feature","geometry":{"type":"Polygon","coordinates":[[[-0.140273079428725,51.5941379917316],[-0.140013998447297,51.5938974130896],[-0.139530801987669,51.5941305361153],[-0.137649721008536,51.5927409395493],[-0.135059205492216,51.5934652234305],[-0.134119629688712,51.5924225688598],[-0.132918913405449,51.5918966346695],[-0.132747267666506,51.5913469403318],[-0.133573254744832,51.5903374211058],[-0.133629309712793,51.5881180348855],[-0.133904226879652,51.5873936594162],[-0.133140169653698,51.5860292370976],[-0.13746206974734,51.5848904440319],[-0.137462091898865,51.5842542311988],[-0.136957712898922,51.584410340088],[-0.136332948825339,51.5836590701722],[-0.137566233669519,51.5831992204897],[-0.137810271967206,51.5803974961321],[-0.139913430080004,51.5797844589587],[-0.139788100917609,51.5803267075207],[-0.142299935151143,51.580248804789],[-0.144170193768719,51.5796741537521],[-0.14449406367521,51.5811148081176],[-0.14694198302969,51.580633384431],[-0.146237695512709,51.5825178705855],[-0.14697528056081,51.5843957718792],[-0.147391556721918,51.5843465882328],[-0.147560043367753,51.5862201203191],[-0.148074517312187,51.5862200895905],[-0.148178789951249,51.586846995406],[-0.149958537357409,51.5868224843711],[-0.150541102623955,51.5880467191794],[-0.149304635032772,51.5881498595788],[-0.149566617779249,51.5889829418993],[-0.149032618085601,51.5890399888337],[-0.149457276698504,51.5912174809292],[-0.149029066654215,51.5913155450818],[-0.149157719822379,51.5916388031964],[-0.148563081791972,51.5916947901745],[-0.148552181471853,51.5919895694804],[-0.145275430446667,51.5925782574985],[-0.143609673816521,51.5919982959897],[-0.143637654604621,51.5924174250726],[-0.143243496690232,51.5924730433731],[-0.143621834637074,51.5930780011157],[-0.143192951859719,51.5932912987232],[-0.142912655158745,51.5929331909279],[-0.140851774908402,51.5939365799193],[-0.140730544969134,51.5945538993787],[-0.140273079428725,51.5941379917316]]]},"properties":{"WD22CD":"E05013594","WD22NM":"Muswell Hill","LAD22NM":"Haringey"}},{"type":"Feature","geometry":{"type":"Polygon","coordinates":[[[-0.117011806368254,51.5806105037525],[-0.114598177302487,51.5774736669748],[-0.114470629767347,51.5772508717819],[-0.115084939429421,51.5771907377599],[-0.114351702182963,51.5762437321546],[-0.118867764102146,51.5747348402581],[-0.119624731395044,51.5755083278479],[-0.123749376718683,51.57466521267],[-0.124854940899845,51.5741001581157],[-0.127470471434653,51.574156316902],[-0.131363763720995,51.5735664424793],[-0.133393892888697,51.5728727412005],[-0.138254771846199,51.5791045688619],[-0.139995133626813,51.5786881339569],[-0.139913430080004,51.5797844589587],[-0.137810271967206,51.5803974961321],[-0.137566233669519,51.5831992204897],[-0.136332948825339,51.5836590701722],[-0.136957712898922,51.584410340088],[-0.137462091898865,51.5842542311988],[-0.13746206974734,51.5848904440319],[-0.133140169653698,51.5860292370976],[-0.132423971701556,51.5851259618598],[-0.131884653634728,51.5853251842835],[-0.131668109319523,51.5850631764416],[-0.129927814877715,51.585015217847],[-0.127993436097253,51.5853611521311],[-0.125185297472458,51.5838577422318],[-0.124242286417366,51.5837460006526],[-0.124185669392586,51.5823267166973],[-0.123047214463932,51.5822436721438],[-0.122954266516027,51.5826188805603],[-0.122125111299688,51.5824594850648],[-0.121015845643435,51.582144974613],[-0.121445024788149,51.5818375737517],[-0.121079969641357,51.581648033156],[-0.11911283656854,51.5823912697785],[-0.118783278574578,51.5820657148052],[-0.118276503869052,51.5822496720141],[-0.117011806368254,51.5806105037525]]]},"properties":{"WD22CD":"E05013588","WD22NM":"Crouch End","LAD22NM":"Haringey"}},{"type":"Feature","geometry":{"type":"Polygon","coordinates":[[[-0.164271913941335,51.5209412266352],[-0.165246888495999,51.5207699720101],[-0.170113790155872,51.5199472819677],[-0.176826267876741,51.524626254039],[-0.173718837556147,51.5261053210356],[-0.171939792855637,51.5264310232544],[-0.169117936732097,51.5269301733023],[-0.167333434098311,51.5282871783808],[-0.163918506341967,51.5251956109854],[-0.165568292877577,51.5248581173087],[-0.167359362457273,51.5240425098554],[-0.165379481839844,51.5225629350377],[-0.164271913941335,51.5209412266352]]]},"properties":{"WD22CD":"E05013794","WD22NM":"Church Street","LAD22NM":"Westminster"}},{"type":"Feature","geometry":{"type":"Polygon","coordinates":[[[-0.0960218149852339,51.5160764890313],[-0.0927820459801004,51.5152063579066],[-0.0922898626338173,51.5159105518703],[-0.0917528374019291,51.5158991160244],[-0.0918716925468739,51.515432573602],[-0.091046683415452,51.5154137498859],[-0.0910847293565973,51.5149871567946],[-0.0917833104984688,51.5144455426749],[-0.0908439239579019,51.5143348653337],[-0.0911565262369554,51.5136484311555],[-0.0944623044628541,51.5141779600583],[-0.0963001344557799,51.5144839010176],[-0.0986761912237796,51.5153632168622],[-0.0985239249036573,51.5166305234032],[-0.0969041785424075,51.516794926033],[-0.096953575934373,51.5163370483479],[-0.0960218149852339,51.5160764890313]]]},"properties":{"WD22CD":"E05009298","WD22NM":"Cheap","LAD22NM":"City of London"}},{"type":"Feature","geometry":{"type":"Polygon","coordinates":[[[-0.0985239249036573,51.5166305234032],[-0.0986761912237796,51.5153632168622],[-0.100524321595745,51.5158374677596],[-0.101060651077026,51.5130979372579],[-0.101770527649913,51.5121067506706],[-0.103935927293051,51.5117775772441],[-0.10446430990365,51.5145684065639],[-0.106216195576587,51.515661500421],[-0.106643737721446,51.5166477047237],[-0.106175181686123,51.517552016315],[-0.105060395887299,51.517236189592],[-0.105152971799643,51.5176649691987],[-0.104734800898242,51.5177013669342],[-0.103027390327875,51.5170640566917],[-0.102935510517062,51.51656981775],[-0.101972810007262,51.5162723134332],[-0.10165103279721,51.5167828756082],[-0.0986208911376559,51.5166563701308],[-0.0986804744951656,51.5174397515111],[-0.101108847942095,51.5188315889924],[-0.0996640280727476,51.5193999119713],[-0.100254255914613,51.5201314202724],[-0.0976528638195659,51.5207226206592],[-0.0975685901436759,51.5211767277461],[-0.0970144149341536,51.5180215358257],[-0.0984969286501124,51.517278458572],[-0.0985239249036573,51.5166305234032]]]},"properties":{"WD22CD":"E05009304","WD22NM":"Farringdon Within","LAD22NM":"City of London"}},{"type":"Feature","geometry":{"type":"Polygon","coordinates":[[[-0.0931413182455204,51.5343941301494],[-0.0970072775126515,51.53298432942],[-0.0950865645592961,51.5300539072869],[-0.0953762347456557,51.5292004291996],[-0.0914896770890562,51.5281974727228],[-0.0914732348481195,51.5277594738147],[-0.100111779437209,51.5265070663226],[-0.101300495630542,51.5289317395825],[-0.102465477010949,51.5297827782963],[-0.104803718499244,51.5284236564296],[-0.104882357884602,51.5295625007817],[-0.106257140740625,51.5319047326703],[-0.105987020676487,51.5331945115413],[-0.103908194489941,51.535478785278],[-0.101939503189372,51.5363507775103],[-0.0986763014685225,51.5347412148849],[-0.0966359265865885,51.5361642299102],[-0.096171273412287,51.5357337620143],[-0.0947510829097066,51.5366061221527],[-0.0938190405622215,51.5357868473329],[-0.0942813975008898,51.5356066862161],[-0.0931413182455204,51.5343941301494]]]},"properties":{"WD22CD":"E05013711","WD22NM":"St Peter's & Canalside","LAD22NM":"Islington"}},{"type":"Feature","geometry":{"type":"Polygon","coordinates":[[[-0.131512874923402,51.4896078769303],[-0.128391884295819,51.4882065475041],[-0.128406612451762,51.4881896703434],[-0.13249809444204,51.4857302311827],[-0.138099883632503,51.4848071928466],[-0.140037506220274,51.4848207445006],[-0.146453295156885,51.4856772592052],[-0.147353208236849,51.4856297504624],[-0.147353214424086,51.4864311727453],[-0.148330025566361,51.488753588089],[-0.148260457676381,51.490062314598],[-0.146244541993686,51.4903640093692],[-0.146050388614941,51.4899856333158],[-0.141407112854475,51.4877542885288],[-0.133709092554157,51.4890216050616],[-0.132408812558886,51.4889595706807],[-0.131512874923402,51.4896078769303]]]},"properties":{"WD22CD":"E05013803","WD22NM":"Pimlico South","LAD22NM":"Westminster"}},{"type":"Feature","geometry":{"type":"Polygon","coordinates":[[[-0.171232030021368,51.5066780255957],[-0.169137375432457,51.5060371751893],[-0.163216754326564,51.5059420156995],[-0.152520650063153,51.5039082128447],[-0.152211331168562,51.5030525403806],[-0.149887541323165,51.5032090087203],[-0.149856494147815,51.5024846230206],[-0.151571546869367,51.5018608175907],[-0.148581040740512,51.4998172671606],[-0.146365987757719,51.4972571266714],[-0.144841385422374,51.4966975042946],[-0.147807722291891,51.492525006812],[-0.149718546523045,51.4908018648092],[-0.148260457676381,51.490062314598],[-0.148330025566361,51.488753588089],[-0.147353214424086,51.4864311727453],[-0.147353208236849,51.4856297504624],[-0.148996641409196,51.4855429713243],[-0.149069825202255,51.4862077868174],[-0.149694758889763,51.4861056893613],[-0.149215697877333,51.4855221483197],[-0.149982777183601,51.4854678764763],[-0.150023967678897,51.4854624112212],[-0.150170579192359,51.4860933757319],[-0.155849306782528,51.4896072334202],[-0.155173220347186,51.4900488500872],[-0.155796498054568,51.4914517093429],[-0.154793330714813,51.4919638273204],[-0.155984301344861,51.4932226622364],[-0.154994629652179,51.4938546477717],[-0.155989110592346,51.4944951969604],[-0.155816826032337,51.4947324152021],[-0.155294739022496,51.4950652241046],[-0.156071802452035,51.4977635105662],[-0.157849454549377,51.4990189576813],[-0.158448217525237,51.5022504177161],[-0.160999249674162,51.5015908391719],[-0.162574349462852,51.5002936170021],[-0.165481234843845,51.4986979728123],[-0.16577913094441,51.4992431196265],[-0.167615023785438,51.4983037105935],[-0.168390025662591,51.4990222169323],[-0.173542583215867,51.4982221678286],[-0.179546548954858,51.4977795217552],[-0.180311745243243,51.5014622351373],[-0.180360441972785,51.5017787900247],[-0.174677579680423,51.5021599564779],[-0.174550463411965,51.5033369302892],[-0.172977113728342,51.5058321306765],[-0.172180252934044,51.5067726059221],[-0.171232030021368,51.5066780255957]]]},"properties":{"WD22CD":"E05013797","WD22NM":"Knightsbridge & Belgravia","LAD22NM":"Westminster"}},{"type":"Feature","geometry":{"type":"Polygon","coordinates":[[[-0.175901709895852,51.5523115985774],[-0.176445144971766,51.552162272915],[-0.177174370727562,51.5526776901827],[-0.179837603549235,51.5518338780722],[-0.179688426521464,51.5501144362074],[-0.180161645451293,51.5484855709336],[-0.179608389722853,51.5478954724762],[-0.180252385666018,51.5476633337619],[-0.181804805228122,51.5496342197476],[-0.18565931980723,51.5520868044015],[-0.188746225722953,51.5529461479741],[-0.194567123266621,51.5562790010539],[-0.1967928195342,51.5591859494606],[-0.196894651976271,51.560623567907],[-0.19482694452441,51.5604838807126],[-0.192294985814158,51.5615411114132],[-0.191115259946041,51.5616379892144],[-0.190319900324105,51.5628524902228],[-0.188043267186079,51.5623913363387],[-0.184467608627272,51.5621489928858],[-0.182205014169147,51.5595335625515],[-0.178542856442792,51.5566703835681],[-0.178573295213638,51.555572418783],[-0.176018566495394,51.5531944975395],[-0.175901709895852,51.5523115985774]]]},"properties":{"WD22CD":"E05013657","WD22NM":"Frognal","LAD22NM":"Camden"}},{"type":"Feature","geometry":{"type":"Polygon","coordinates":[[[-0.21080490243442,51.5719671449934],[-0.208241674220101,51.5694100979288],[-0.206676628914221,51.5670807027515],[-0.21492805731184,51.5629316935962],[-0.211625186008331,51.5586708890343],[-0.209598827269246,51.5601438304605],[-0.208319043802669,51.5600288987391],[-0.208621573862734,51.5595258880996],[-0.206951125197823,51.5580356230179],[-0.205967506046487,51.556418404815],[-0.208825878780286,51.5557376857368],[-0.210004225496615,51.5567542884796],[-0.213476554588311,51.555188542315],[-0.218625546487457,51.5594205274828],[-0.220632876744405,51.5616707747097],[-0.225464942662933,51.5658676174199],[-0.228794005496332,51.5679708755647],[-0.232225691146582,51.5709688919372],[-0.228218195089736,51.5724409639953],[-0.222485539786651,51.5736653894578],[-0.218353173916773,51.5767978982275],[-0.214067745979992,51.5747587155894],[-0.21080490243442,51.5719671449934]]]},"properties":{"WD22CD":"E05013634","WD22NM":"Cricklewood","LAD22NM":"Barnet"}},{"type":"Feature","geometry":{"type":"Polygon","coordinates":[[[-0.155816826032337,51.4947324152021],[-0.160923459610103,51.4944197552354],[-0.160740541204419,51.4937028904947],[-0.162901525933367,51.4928779332319],[-0.166327639845282,51.4908210339719],[-0.169658540272311,51.493004259464],[-0.171653953669417,51.4918834809411],[-0.173860631671519,51.4936192391909],[-0.174975798167894,51.4936500829188],[-0.175937021296426,51.4932469061783],[-0.17671062220642,51.4940025971161],[-0.177326126069862,51.4939582242249],[-0.177651830221103,51.4954345164408],[-0.179032508389729,51.4953138272485],[-0.179546548954858,51.4977795217552],[-0.173542583215867,51.4982221678286],[-0.168390025662591,51.4990222169323],[-0.167615023785438,51.4983037105935],[-0.16577913094441,51.4992431196265],[-0.165481234843845,51.4986979728123],[-0.162574349462852,51.5002936170021],[-0.160999249674162,51.5015908391719],[-0.158448217525237,51.5022504177161],[-0.157849454549377,51.4990189576813],[-0.156071802452035,51.4977635105662],[-0.155294739022496,51.4950652241046],[-0.155816826032337,51.4947324152021]]]},"properties":{"WD22CD":"E05009389","WD22NM":"Brompton & Hans Town","LAD22NM":"Kensington and Chelsea"}},{"type":"Feature","geometry":{"type":"Polygon","coordinates":[[[-0.0959929956964748,51.4856624799572],[-0.0956677884740487,51.4837534407641],[-0.101962065046136,51.4809724426742],[-0.100376890767788,51.4803011013354],[-0.0998740385107125,51.4793369414904],[-0.103573328409023,51.478357766964],[-0.108214348827061,51.4802903184263],[-0.104036137322092,51.480903935414],[-0.106018259689177,51.4826980486562],[-0.105615907340678,51.4829427901431],[-0.107188345370241,51.4836503928788],[-0.106359454257488,51.4848986139185],[-0.108460594138318,51.4858488370339],[-0.103270072235539,51.4912554950667],[-0.101782842043611,51.4922976694346],[-0.100897975640707,51.491648458725],[-0.099187489127448,51.4922142789373],[-0.098766148719701,51.4902937138727],[-0.0959929956964748,51.4856624799572]]]},"properties":{"WD22CD":"E05011105","WD22NM":"Newington","LAD22NM":"Southwark"}},{"type":"Feature","geometry":{"type":"Polygon","coordinates":[[[-0.196424370653639,51.4872068691094],[-0.198853426021428,51.4863143336624],[-0.202501350269631,51.4855128529421],[-0.204958896712611,51.4844300387307],[-0.205486326025673,51.4854336581301],[-0.20688972992178,51.4852723910113],[-0.208157572742187,51.4869356311443],[-0.210133616278234,51.4865900526297],[-0.210373195020264,51.486891751619],[-0.210878901752239,51.4864854179384],[-0.212398872777127,51.4861852009953],[-0.212790611027133,51.4870090975674],[-0.213490685828482,51.4869755878561],[-0.213668677160074,51.4873359083502],[-0.213012067421417,51.487493578192],[-0.213232113155826,51.4879847813577],[-0.212388750318672,51.4881596515453],[-0.213709345863666,51.4901458585602],[-0.213231665778805,51.490098726974],[-0.213230849693637,51.4903935731892],[-0.214590087757858,51.4904635989855],[-0.214566333599715,51.4907889569479],[-0.2094134974953,51.4905047337664],[-0.202360692961491,51.491665492437],[-0.198198208193804,51.4880650010447],[-0.196424370653639,51.4872068691094]]]},"properties":{"WD22CD":"E05013751","WD22NM":"West Kensington","LAD22NM":"Hammersmith and Fulham"}},{"type":"Feature","geometry":{"type":"Polygon","coordinates":[[[-0.0995655142792235,51.5615627979077],[-0.0985613418320497,51.5608398450544],[-0.0981094244647801,51.5557795783819],[-0.105605760609881,51.5554962633948],[-0.105063821458262,51.5526769518778],[-0.105978011540141,51.5520424641743],[-0.108150520293117,51.5515514831633],[-0.109490542969847,51.550538956304],[-0.111490046457585,51.5520103160757],[-0.11691859999943,51.5560901465955],[-0.111183502378058,51.5584756769011],[-0.109441110548003,51.5567246948495],[-0.107780128884602,51.5592971028758],[-0.106799510585983,51.5619174588398],[-0.105222778760073,51.562129093738],[-0.103569998442132,51.5616890790046],[-0.102409235232023,51.5606870469849],[-0.101055099594836,51.5610951475572],[-0.100975634504413,51.56145142168],[-0.0995655142792235,51.5615627979077]]]},"properties":{"WD22CD":"E05013697","WD22NM":"Arsenal","LAD22NM":"Islington"}},{"type":"Feature","geometry":{"type":"Polygon","coordinates":[[[-0.203083347764152,51.4933725212104],[-0.201811499301514,51.491852408748],[-0.202360692961491,51.491665492437],[-0.2094134974953,51.4905047337664],[-0.214566333599715,51.4907889569479],[-0.216893791385306,51.4907793954488],[-0.219294691615096,51.4912411321386],[-0.219451384300693,51.49323412163],[-0.216626367598658,51.4933729626055],[-0.209947933510649,51.4956926478795],[-0.207977648253101,51.4960231558301],[-0.207363915552823,51.4961483808127],[-0.203083347764152,51.4933725212104]]]},"properties":{"WD22CD":"E05013734","WD22NM":"Avonmore","LAD22NM":"Hammersmith and Fulham"}},{"type":"Feature","geometry":{"type":"Polygon","coordinates":[[[-0.0814633531975789,51.5799010190538],[-0.0806951531862466,51.5794764839084],[-0.085661658737207,51.5750398010949],[-0.0872052791831269,51.5747008924763],[-0.0868463853873256,51.5742944994818],[-0.0899552794001748,51.5743884366154],[-0.0913639247790671,51.5740057547019],[-0.093557347583833,51.5739767217706],[-0.0946847456631323,51.573591444273],[-0.0965873329994774,51.5738173100576],[-0.0976377322755438,51.5736548617879],[-0.0983433398148131,51.5749496810574],[-0.0987442430752483,51.5772110288319],[-0.0981832635433761,51.5773665120446],[-0.0990352170890702,51.5823688136892],[-0.0980808938382578,51.58222753143],[-0.0972991996898092,51.5817004101856],[-0.0945048453414519,51.5812642593005],[-0.0902844946816641,51.5816166860971],[-0.0848810672302818,51.5810198551229],[-0.0814633531975789,51.5799010190538]]]},"properties":{"WD22CD":"E05013591","WD22NM":"Hermitage & Gardens","LAD22NM":"Haringey"}},{"type":"Feature","geometry":{"type":"Polygon","coordinates":[[[-0.188540239988331,51.4916239071372],[-0.191161934405098,51.4907893670637],[-0.190131645747452,51.4895225933475],[-0.195964004161259,51.4873733014086],[-0.196424370653639,51.4872068691094],[-0.198198208193804,51.4880650010447],[-0.202360692961491,51.491665492437],[-0.201811499301514,51.491852408748],[-0.200296220028337,51.4928012631799],[-0.195626516559599,51.4944975058481],[-0.191102271815383,51.4947317694565],[-0.191145946186529,51.4941748768054],[-0.188540239988331,51.4916239071372]]]},"properties":{"WD22CD":"E05009395","WD22NM":"Earl's Court","LAD22NM":"Kensington and Chelsea"}},{"type":"Feature","geometry":{"type":"Polygon","coordinates":[[[-0.0868017501149662,51.5862282459414],[-0.0842264798092667,51.585674342401],[-0.0844878891640875,51.5836717176463],[-0.0797205248328916,51.582623809041],[-0.0802859196721415,51.5819272283351],[-0.0780343703813103,51.5811061856135],[-0.0801349507410511,51.5798473913068],[-0.0814633531975789,51.5799010190538],[-0.0848810672302818,51.5810198551229],[-0.0902844946816641,51.5816166860971],[-0.0945048453414519,51.5812642593005],[-0.0972991996898092,51.5817004101856],[-0.0980808938382578,51.58222753143],[-0.0990352170890702,51.5823688136892],[-0.0993248359970239,51.5831925327173],[-0.0983108621213959,51.5839565031786],[-0.0994147065236425,51.5867375263592],[-0.0982869956392587,51.5873089198925],[-0.0939235228656619,51.5860303710961],[-0.0886145252935113,51.5864589348187],[-0.0868017501149662,51.5862282459414]]]},"properties":{"WD22CD":"E05013597","WD22NM":"St Ann's","LAD22NM":"Haringey"}},{"type":"Feature","geometry":{"type":"Polygon","coordinates":[[[-0.147187426561649,51.5487985259621],[-0.146424581113286,51.54546710166],[-0.145897007071677,51.5439125257042],[-0.146895722010047,51.5433211545766],[-0.147327675557463,51.5425006480096],[-0.152635077667815,51.5438671266052],[-0.154729024001669,51.5433353335442],[-0.155008380868182,51.5428965450369],[-0.159544652279486,51.5431128394463],[-0.159560516815019,51.5441355082503],[-0.161277839067888,51.5454653462211],[-0.159414830325082,51.5463495238943],[-0.158947341210002,51.5470379072174],[-0.161736873857539,51.5486819230184],[-0.160490614034293,51.5488375716941],[-0.15958496591105,51.5498701166989],[-0.159570170797365,51.5505402861449],[-0.156731270314568,51.5510105571294],[-0.154223999499189,51.5504136108373],[-0.15300701947282,51.5491693990471],[-0.149665714545626,51.5508371446976],[-0.147187426561649,51.5487985259621]]]},"properties":{"WD22CD":"E05013660","WD22NM":"Haverstock","LAD22NM":"Camden"}},{"type":"Feature","geometry":{"type":"Polygon","coordinates":[[[-0.150023967678897,51.4854624112212],[-0.163771181661117,51.483637369484],[-0.165307193419139,51.4861693309644],[-0.168290515337913,51.4848513576232],[-0.170109654028659,51.4869565586809],[-0.164947671079682,51.4889892046645],[-0.166327639845282,51.4908210339719],[-0.162901525933367,51.4928779332319],[-0.160740541204419,51.4937028904947],[-0.160923459610103,51.4944197552354],[-0.155816826032337,51.4947324152021],[-0.155989110592346,51.4944951969604],[-0.154994629652179,51.4938546477717],[-0.155984301344861,51.4932226622364],[-0.154793330714813,51.4919638273204],[-0.155796498054568,51.4914517093429],[-0.155173220347186,51.4900488500872],[-0.155849306782528,51.4896072334202],[-0.150170579192359,51.4860933757319],[-0.150023967678897,51.4854624112212]]]},"properties":{"WD22CD":"E05009403","WD22NM":"Royal Hospital","LAD22NM":"Kensington and Chelsea"}},{"type":"Feature","geometry":{"type":"Polygon","coordinates":[[[-0.109490542969847,51.550538956304],[-0.10535406909208,51.5473580348349],[-0.103279988394838,51.5462494339054],[-0.102280676078748,51.5460832368057],[-0.10047738313786,51.5463007165492],[-0.0985415560835235,51.5431538620716],[-0.0994817820490401,51.5429739989381],[-0.0995935603166223,51.5431851885473],[-0.100141196434296,51.5430827192961],[-0.10007269976635,51.5428217908844],[-0.103047188436513,51.5424228987859],[-0.102809208286613,51.5411563510257],[-0.106111051447393,51.5408749982128],[-0.107812005365312,51.54522889526],[-0.116437037710365,51.5431848315788],[-0.11740311061335,51.54292813022],[-0.11775003950198,51.5448580899706],[-0.118277150976137,51.5448272211968],[-0.119598300452885,51.5468257788379],[-0.119783268688443,51.547346002686],[-0.118912498974381,51.5486206838298],[-0.116470979278242,51.5509327149356],[-0.115347093241297,51.5500914108692],[-0.111490046457585,51.5520103160757],[-0.109490542969847,51.550538956304]]]},"properties":{"WD22CD":"E05013708","WD22NM":"Laycock","LAD22NM":"Islington"}},{"type":"Feature","geometry":{"type":"Polygon","coordinates":[[[-0.111581077794617,51.5153396471014],[-0.111075764616079,51.5138270939195],[-0.111954989297671,51.5136865272911],[-0.111712975846707,51.5131970675143],[-0.112388336494489,51.5127698746975],[-0.111504743977687,51.5116442614242],[-0.111477031113904,51.5108340378745],[-0.111502690035089,51.5108337090581],[-0.111564258446105,51.5108329205659],[-0.116892774210445,51.510104061448],[-0.11954268577267,51.5090624959253],[-0.121128605059339,51.5077497908453],[-0.122392686253247,51.50606141275],[-0.123055272262188,51.5042280565349],[-0.12311070372754,51.5039087552675],[-0.124707103980221,51.4947109516293],[-0.124729605072858,51.4946105369984],[-0.132477958003024,51.4949232045129],[-0.133718416067193,51.4965147359604],[-0.134744342034133,51.4962649620608],[-0.135674445336805,51.4964793012803],[-0.13560188020681,51.4974981023095],[-0.142711032747907,51.4965536260831],[-0.144841385422374,51.4966975042946],[-0.146365987757719,51.4972571266714],[-0.148581040740512,51.4998172671606],[-0.151571546869367,51.5018608175907],[-0.149856494147815,51.5024846230206],[-0.149887541323165,51.5032090087203],[-0.141205796698155,51.5075449570218],[-0.13474177779872,51.5097363808769],[-0.133110407697912,51.5114816548448],[-0.129695008180249,51.5128998164249],[-0.129041448588674,51.5134527300329],[-0.127327383807263,51.5126667616112],[-0.122868560832358,51.5151458259399],[-0.122072579434114,51.5146295463754],[-0.121817842762482,51.5148682001343],[-0.11946757789129,51.5145068164441],[-0.114692654293649,51.5160417493048],[-0.113833608229958,51.5148220028531],[-0.111581077794617,51.5153396471014]]]},"properties":{"WD22CD":"E05013806","WD22NM":"St James's","LAD22NM":"Westminster"}},{"type":"Feature","geometry":{"type":"Polygon","coordinates":[[[-0.0792036019809902,51.5551357387769],[-0.0794084357343459,51.5536966391011],[-0.0789999193875267,51.5526081661665],[-0.0794131992919227,51.551653660736],[-0.0802610079766654,51.5519112497789],[-0.0854778567641694,51.552163828519],[-0.0875258585822857,51.5528249667574],[-0.0885580819590148,51.5539451712028],[-0.0892739334970745,51.5537434045064],[-0.0903769291555827,51.5541520244099],[-0.0903892852395189,51.5575769993214],[-0.0917208658954034,51.5602294857003],[-0.0916909770539199,51.5619493641928],[-0.092435360054862,51.5639164592538],[-0.0917719742061208,51.5640828522367],[-0.084707353990364,51.5658479540943],[-0.0838247002647506,51.564293976548],[-0.0802211347388907,51.5621190006326],[-0.0801497000170202,51.5615521752273],[-0.0805685409316501,51.5615018602015],[-0.0802122181142366,51.559998367569],[-0.0811546280524878,51.5596145560267],[-0.0809533429624485,51.5577794433194],[-0.07886214592558,51.5576274027425],[-0.0792036019809902,51.5551357387769]]]},"properties":{"WD22CD":"E05009369","WD22NM":"Clissold","LAD22NM":"Hackney"}},{"type":"Feature","geometry":{"type":"Polygon","coordinates":[[[-0.116437037710365,51.5431848315788],[-0.116130638418078,51.5427422127755],[-0.116889967489534,51.5425669126951],[-0.116906851048447,51.5421755529938],[-0.115811525985701,51.5378133559912],[-0.115972593186623,51.5371956713591],[-0.116560762704095,51.5369481967381],[-0.116996110628488,51.5350083654453],[-0.114861845238504,51.5347797143616],[-0.114166862243296,51.5313790591455],[-0.119870070991019,51.5309394886792],[-0.12253019496056,51.5307275716894],[-0.122374740902916,51.5368869398225],[-0.123049504006118,51.5385002295501],[-0.125062587090604,51.5411433179081],[-0.126329931049997,51.545038324673],[-0.119598300452885,51.5468257788379],[-0.118277150976137,51.5448272211968],[-0.11775003950198,51.5448580899706],[-0.11740311061335,51.54292813022],[-0.116437037710365,51.5431848315788]]]},"properties":{"WD22CD":"E05013700","WD22NM":"Caledonian","LAD22NM":"Islington"}},{"type":"Feature","geometry":{"type":"Polygon","coordinates":[[[-0.188748581031736,51.5345256984123],[-0.181358550027571,51.5283880825431],[-0.182260553216378,51.5279483835112],[-0.182640526013662,51.5282537251698],[-0.183134515921895,51.5281579613147],[-0.183604263820749,51.5279287290466],[-0.183116675735911,51.5275380923855],[-0.184579249436215,51.5273026458425],[-0.187339046972291,51.525948764852],[-0.188949535755468,51.5253990089665],[-0.18929600173804,51.5255684726743],[-0.190278996818331,51.5249370706737],[-0.193466897853192,51.5264884240461],[-0.19744620560205,51.5252450060379],[-0.197339667992266,51.5278963565528],[-0.19654408945392,51.5276557632008],[-0.192867664814705,51.5321351156918],[-0.192349128445324,51.5332115994251],[-0.193010385552928,51.5339907017339],[-0.191458547220205,51.5362913453065],[-0.188748581031736,51.5345256984123]]]},"properties":{"WD22CD":"E05013800","WD22NM":"Maida Vale","LAD22NM":"Westminster"}},{"type":"Feature","geometry":{"type":"Polygon","coordinates":[[[-0.126329931049997,51.545038324673],[-0.125062587090604,51.5411433179081],[-0.132031316513159,51.5411462969177],[-0.135835355635257,51.5414694508048],[-0.137561069942509,51.5408839576542],[-0.138380743969641,51.5418178124098],[-0.136942943825475,51.5432475536927],[-0.129106175158119,51.5488381413114],[-0.127177963298738,51.5476650110207],[-0.126329931049997,51.545038324673]]]},"properties":{"WD22CD":"E05013654","WD22NM":"Camden Square","LAD22NM":"Camden"}},{"type":"Feature","geometry":{"type":"Polygon","coordinates":[[[-0.0911947835910714,51.5180752682842],[-0.0895335472914172,51.5174744601108],[-0.0899281713907084,51.51579478712],[-0.0909950581072254,51.5158198036426],[-0.091046683415452,51.5154137498859],[-0.0918716925468739,51.515432573602],[-0.0917528374019291,51.5158991160244],[-0.0922898626338173,51.5159105518703],[-0.0927820459801004,51.5152063579066],[-0.0960218149852339,51.5160764890313],[-0.0953630463462368,51.5174928893789],[-0.0941612859392767,51.5176928108109],[-0.0930669966259539,51.5185257548532],[-0.0911947835910714,51.5180752682842]]]},"properties":{"WD22CD":"E05009290","WD22NM":"Bassishaw","LAD22NM":"City of London"}},{"type":"Feature","geometry":{"type":"Polygon","coordinates":[[[-0.195559059434635,51.5764540981839],[-0.189746592074055,51.5749247464153],[-0.192190577056182,51.5739410094094],[-0.185978846662737,51.5714332979907],[-0.186592806875173,51.5702742200675],[-0.185628292907638,51.5698717243957],[-0.18480929361201,51.5705986824808],[-0.182108655035085,51.5687238900824],[-0.183693788858893,51.5679753562186],[-0.183786204641713,51.5675011292641],[-0.186142460357236,51.5669234022454],[-0.189618241339357,51.5652558999411],[-0.190319900324105,51.5628524902228],[-0.191115259946041,51.5616379892144],[-0.192294985814158,51.5615411114132],[-0.19482694452441,51.5604838807126],[-0.196894651976271,51.560623567907],[-0.1967928195342,51.5591859494606],[-0.19759835415856,51.5588817970343],[-0.197959766310752,51.5591184840455],[-0.198454169049239,51.5587618038264],[-0.198508301301288,51.5581592256088],[-0.199635255947523,51.5569823795093],[-0.199385017692441,51.5561952331522],[-0.205790388624826,51.5553077866553],[-0.205967506046487,51.556418404815],[-0.206951125197823,51.5580356230179],[-0.208621573862734,51.5595258880996],[-0.208319043802669,51.5600288987391],[-0.209598827269246,51.5601438304605],[-0.211625186008331,51.5586708890343],[-0.21492805731184,51.5629316935962],[-0.206676628914221,51.5670807027515],[-0.208241674220101,51.5694100979288],[-0.21080490243442,51.5719671449934],[-0.208157890596976,51.5725755361143],[-0.207910945096216,51.5731027706282],[-0.206829449400218,51.573621110982],[-0.207404188196727,51.573864064532],[-0.204093009796008,51.5757088327252],[-0.204523842807068,51.5760033152096],[-0.202262973518793,51.5775755093979],[-0.201825476684284,51.5775625054296],[-0.201275939979538,51.5764039336507],[-0.200772749368217,51.5766460234214],[-0.200295232266592,51.5763322334016],[-0.197709979814947,51.5769727553137],[-0.197847004812917,51.5773123610058],[-0.197220837591143,51.5774097882521],[-0.196678789854938,51.5760561866636],[-0.195559059434635,51.5764540981839]]]},"properties":{"WD22CD":"E05013631","WD22NM":"Childs Hill","LAD22NM":"Barnet"}},{"type":"Feature","geometry":{"type":"Polygon","coordinates":[[[-0.120037034168247,51.5975654661349],[-0.115465802441589,51.5918933357738],[-0.118256551728436,51.5910621599949],[-0.119857331089235,51.5918760074765],[-0.123800942011611,51.5918257384104],[-0.127610384095667,51.590863118905],[-0.127288429248581,51.5899042202975],[-0.131717064465084,51.5895286878157],[-0.133177069045331,51.5879451137751],[-0.133629309712793,51.5881180348855],[-0.133573254744832,51.5903374211058],[-0.132747267666506,51.5913469403318],[-0.132918913405449,51.5918966346695],[-0.134119629688712,51.5924225688598],[-0.135059205492216,51.5934652234305],[-0.137649721008536,51.5927409395493],[-0.139530801987669,51.5941305361153],[-0.140013998447297,51.5938974130896],[-0.140273079428725,51.5941379917316],[-0.139995729805901,51.5944113074128],[-0.140627986224435,51.5951198179333],[-0.140004450402356,51.5954352304702],[-0.140879197846338,51.5968740721545],[-0.141450769678204,51.5967073455438],[-0.141373931206189,51.5971681747608],[-0.142236626066408,51.5980098903642],[-0.141655191079386,51.5981572954094],[-0.143025236566014,51.6002184102976],[-0.143517291037515,51.6001814632337],[-0.143437593106558,51.5997743235791],[-0.144270946109752,51.599711583235],[-0.144469452461756,51.6001287754514],[-0.144173797777672,51.6011129360821],[-0.141999733949911,51.603787896503],[-0.143078061356327,51.6063489865241],[-0.143425252491465,51.6088489742021],[-0.13876012089654,51.610194942666],[-0.124219877540816,51.6010819006692],[-0.120037034168247,51.5975654661349]]]},"properties":{"WD22CD":"E05013585","WD22NM":"Alexandra Park","LAD22NM":"Haringey"}},{"type":"Feature","geometry":{"type":"Polygon","coordinates":[[[-0.181299867702721,51.5961461151144],[-0.184562333372765,51.5944052703879],[-0.191092164795845,51.590873313829],[-0.193259339324619,51.5900297797056],[-0.196447088153037,51.5895856182307],[-0.199793702167016,51.5897786450202],[-0.205078325997086,51.5888213409758],[-0.207265153559598,51.5888019101613],[-0.209435930446187,51.589415543952],[-0.211844209371551,51.5913229086364],[-0.213148071440852,51.5936784701063],[-0.216345636390856,51.5948657590685],[-0.220935701869002,51.5974503367554],[-0.225606160118026,51.5989475636173],[-0.225266307635687,51.599448351533],[-0.220625501489724,51.598035981266],[-0.218383793863702,51.5988408850067],[-0.217932264471512,51.5979905299275],[-0.216138503575394,51.5979013043442],[-0.214790034261062,51.5974842242354],[-0.212093636134826,51.598808641781],[-0.210869750157957,51.600177006986],[-0.210893400761674,51.600765960261],[-0.210613800106469,51.6006373024748],[-0.210144540955599,51.6012540562885],[-0.209288806409787,51.6010577329695],[-0.208952043172631,51.6016827698165],[-0.209463398584878,51.6020455465243],[-0.208576351618429,51.6030171808074],[-0.208433421632299,51.6044237873398],[-0.207656199670743,51.6044022028224],[-0.207625698491584,51.6049791305527],[-0.205396811838175,51.6040131834622],[-0.204522163479525,51.6039283105555],[-0.202819930848337,51.6042129269023],[-0.201851930659832,51.6049764648629],[-0.202106031312481,51.60508592905],[-0.20091260196683,51.6055909827575],[-0.201389939020788,51.606415972196],[-0.200339018729337,51.6072020562749],[-0.199748298419831,51.6072326484171],[-0.199815271635001,51.6079751804154],[-0.198937941572501,51.6083653781844],[-0.198331391759418,51.6082700081838],[-0.197719365724262,51.6091965251298],[-0.197546149124588,51.6088240910018],[-0.193490974531884,51.6069011646374],[-0.193798210014572,51.6065537709817],[-0.192086306868389,51.6056708794539],[-0.194377776750483,51.6043490654843],[-0.195047059198051,51.6035037978141],[-0.19502922780246,51.6027583519548],[-0.193125895506067,51.601734531556],[-0.193585617770367,51.6013778822789],[-0.181299867702721,51.5961461151144]]]},"properties":{"WD22CD":"E05013639","WD22NM":"Finchley Church End","LAD22NM":"Barnet"}},{"type":"Feature","geometry":{"type":"Polygon","coordinates":[[[-0.0982869956392587,51.5873089198925],[-0.0994147065236425,51.5867375263592],[-0.0983108621213959,51.5839565031786],[-0.0993248359970239,51.5831925327173],[-0.0990352170890702,51.5823688136892],[-0.0981832635433761,51.5773665120446],[-0.0987442430752483,51.5772110288319],[-0.0983433398148131,51.5749496810574],[-0.0976377322755438,51.5736548617879],[-0.0960294323642091,51.5706563650951],[-0.0980737731247675,51.5691053885655],[-0.104034742251588,51.5649679882959],[-0.106155015503298,51.5659607084694],[-0.105014407246785,51.5757438310442],[-0.106306158327329,51.5796008207412],[-0.110417527596239,51.5842416792185],[-0.112634269294649,51.5882241640032],[-0.103365798536797,51.590461660493],[-0.102146422537342,51.5889073694097],[-0.0982869956392587,51.5873089198925]]]},"properties":{"WD22CD":"E05013590","WD22NM":"Harringay","LAD22NM":"Haringey"}},{"type":"Feature","geometry":{"type":"Polygon","coordinates":[[[-0.216004504140691,51.5279299344382],[-0.215546934485741,51.5267216493086],[-0.212874154576667,51.5223105361061],[-0.218626259648294,51.5212631220705],[-0.217278277451052,51.5189450610559],[-0.225132451554076,51.5202034491055],[-0.226539154579125,51.5195790558103],[-0.228275863584396,51.5210976046671],[-0.226705350816774,51.5219781325676],[-0.226595753174306,51.5247974566214],[-0.227171030383692,51.524794469214],[-0.227387899403175,51.5278939090786],[-0.228703429046078,51.5298795333411],[-0.228478855909725,51.5303545050421],[-0.227565207041655,51.5301570539008],[-0.227657611761565,51.5299245027861],[-0.225422988569122,51.5301652214878],[-0.223779507771887,51.5299651177112],[-0.217954618806483,51.5286421878449],[-0.216004504140691,51.5279299344382]]]},"properties":{"WD22CD":"E05009394","WD22NM":"Dalgarno","LAD22NM":"Kensington and Chelsea"}},{"type":"Feature","geometry":{"type":"Polygon","coordinates":[[[-0.192121606468868,51.5098744443778],[-0.196914427334531,51.5089469346582],[-0.200555932491938,51.5085829279953],[-0.203080497170899,51.5078931647682],[-0.205194601508087,51.5107842832035],[-0.204159024443051,51.5110993576839],[-0.204213006964212,51.5113762688589],[-0.201555422639089,51.5121835854018],[-0.201174373884225,51.5120140334256],[-0.198895648963394,51.5128963232235],[-0.199178343182813,51.5145533565738],[-0.195049639830061,51.515033034598],[-0.194040577650261,51.5117578762556],[-0.192960337020273,51.5118149615843],[-0.192121606468868,51.5098744443778]]]},"properties":{"WD22CD":"E05009400","WD22NM":"Pembridge","LAD22NM":"Kensington and Chelsea"}},{"type":"Feature","geometry":{"type":"Polygon","coordinates":[[[-0.119457092441897,51.5578283306126],[-0.121108972876758,51.556549341116],[-0.123774801690953,51.5533793918474],[-0.129106175158119,51.5488381413114],[-0.130136742169827,51.5496204420755],[-0.130691568284157,51.5506740014336],[-0.131001011590044,51.5515136884853],[-0.134353438542746,51.5536227099102],[-0.135229907875061,51.5545898626851],[-0.137152877301541,51.5553992063266],[-0.138372221484241,51.5568664506386],[-0.131817042375764,51.5574436257876],[-0.132324817822417,51.5581132090392],[-0.128797423774313,51.5584433220895],[-0.129966933527468,51.5595981793679],[-0.127773496758891,51.5606130716802],[-0.12574722959859,51.5622220692054],[-0.119457092441897,51.5578283306126]]]},"properties":{"WD22CD":"E05013713","WD22NM":"Tufnell Park","LAD22NM":"Islington"}},{"type":"Feature","geometry":{"type":"MultiPolygon","coordinates":[[[[-0.201708634429896,51.5455404281816],[-0.201718738602047,51.5455603227191],[-0.201697917922262,51.5455439203222],[-0.201708634429896,51.5455404281816]]],[[[-0.201718738602047,51.5455603227191],[-0.201745838964482,51.5455283062479],[-0.201708634429896,51.5455404281816],[-0.201630103910252,51.5453858232313],[-0.197706617899386,51.5463524632175],[-0.195846659509112,51.5463343463127],[-0.195895474795395,51.5457902377748],[-0.196271896043614,51.5458486670956],[-0.197019248688513,51.5449967651292],[-0.196965552015429,51.544472617045],[-0.193811177136231,51.5441520733539],[-0.193197291637834,51.5442307488692],[-0.193161828213012,51.544539728208],[-0.192457068145801,51.5445331442915],[-0.193179605896627,51.5424114970104],[-0.19198018147515,51.541064137485],[-0.19008137217825,51.5411169188407],[-0.188572411083338,51.5404694767248],[-0.188153600434554,51.5407934308296],[-0.185933540099502,51.5407059858507],[-0.185688037908054,51.5402286826235],[-0.187298110313581,51.5398959916954],[-0.186914564261521,51.53940897017],[-0.182540180275634,51.540663230537],[-0.179250965278331,51.5412232397189],[-0.178328139673015,51.539794984165],[-0.18015581511083,51.5395634509378],[-0.183848345465745,51.5383805750199],[-0.18772622142824,51.5350359157018],[-0.188748581031736,51.5345256984123],[-0.191458547220205,51.5362913453065],[-0.201907715003858,51.5452888464907],[-0.203441196980801,51.5467097865813],[-0.202976935310423,51.5466844991598],[-0.201718738602047,51.5455603227191]]]]},"properties":{"WD22CD":"E05013665","WD22NM":"Kilburn","LAD22NM":"Camden"}},{"type":"Feature","geometry":{"type":"Polygon","coordinates":[[[-0.158558585505163,51.5561056480529],[-0.162962233723056,51.5557109031686],[-0.166102004398913,51.5550701813093],[-0.164991237607547,51.5541841887139],[-0.167402342986262,51.5537449915747],[-0.167722998627606,51.5524833164824],[-0.16917059943922,51.5532130172021],[-0.171625691690797,51.5528883386462],[-0.175071986675058,51.5516735946267],[-0.17589061210848,51.5516835623185],[-0.175901709895852,51.5523115985774],[-0.176018566495394,51.5531944975395],[-0.178573295213638,51.555572418783],[-0.178542856442792,51.5566703835681],[-0.182205014169147,51.5595335625515],[-0.184467608627272,51.5621489928858],[-0.188043267186079,51.5623913363387],[-0.190319900324105,51.5628524902228],[-0.189618241339357,51.5652558999411],[-0.186142460357236,51.5669234022454],[-0.183786204641713,51.5675011292641],[-0.183693788858893,51.5679753562186],[-0.182108655035085,51.5687238900824],[-0.180808592516493,51.5694387073703],[-0.180949346771069,51.569671122727],[-0.178281173837698,51.5700339039467],[-0.178053053975561,51.5704337373878],[-0.174381522625196,51.5692561527316],[-0.17370554690985,51.5699200548506],[-0.173435927702792,51.5711019804725],[-0.172473399530526,51.5703747765508],[-0.172431786914158,51.5667789419343],[-0.168514220118711,51.5641041924375],[-0.166108755205874,51.5631961679459],[-0.164448494248505,51.5620349227834],[-0.162215463899679,51.5589609845905],[-0.161337398355892,51.5587781764551],[-0.159100611813335,51.5562580307035],[-0.158558585505163,51.5561056480529]]]},"properties":{"WD22CD":"E05013659","WD22NM":"Hampstead Town","LAD22NM":"Camden"}},{"type":"Feature","geometry":{"type":"Polygon","coordinates":[[[-0.152706883198073,51.5375212232938],[-0.147170377877423,51.525042931689],[-0.145790140032812,51.5252719486623],[-0.14517318268498,51.5239960338076],[-0.147957055444403,51.5234780462583],[-0.152357643598051,51.5230585494822],[-0.164271913941335,51.5209412266352],[-0.165379481839844,51.5225629350377],[-0.167359362457273,51.5240425098554],[-0.165568292877577,51.5248581173087],[-0.163918506341967,51.5251956109854],[-0.167333434098311,51.5282871783808],[-0.169117936732097,51.5269301733023],[-0.171939792855637,51.5264310232544],[-0.174099429303008,51.5276636577886],[-0.168957647843202,51.530121996237],[-0.176089126900714,51.5360135091538],[-0.17622748077307,51.5363222179957],[-0.173485635946981,51.5376342787527],[-0.171955952053823,51.5383847660793],[-0.170864978635647,51.5377949134142],[-0.169517481454141,51.5385994585462],[-0.164935703520094,51.5357815053199],[-0.160461397148228,51.5372833582205],[-0.159416289405085,51.5363636454812],[-0.152706883198073,51.5375212232938]]]},"properties":{"WD22CD":"E05013805","WD22NM":"Regent's Park","LAD22NM":"Westminster"}},{"type":"Feature","geometry":{"type":"Polygon","coordinates":[[[-0.203020689610941,51.5329005500129],[-0.203048508167563,51.5328985049476],[-0.207623525527539,51.5328218655354],[-0.211026819218635,51.5319610537415],[-0.215182844575574,51.5313912776595],[-0.215080056955814,51.5302602969212],[-0.215859199419389,51.5297271709472],[-0.216004504140691,51.5279299344382],[-0.217954618806483,51.5286421878449],[-0.223779507771887,51.5299651177112],[-0.225422988569122,51.5301652214878],[-0.227657611761565,51.5299245027861],[-0.227565207041655,51.5301570539008],[-0.228478855909725,51.5303545050421],[-0.231369838482404,51.5310906228581],[-0.233818470091464,51.5323339940026],[-0.23355309773759,51.5328868925372],[-0.225637295279978,51.5332590346962],[-0.226834037980182,51.5365402034565],[-0.226759927140311,51.5369152971943],[-0.226443183007727,51.5369324514813],[-0.22618911699264,51.5362910363019],[-0.222127216231759,51.5369372720778],[-0.222474301156189,51.5372182436982],[-0.221791516948233,51.5373934656031],[-0.221455264462541,51.5380869514531],[-0.218605525636655,51.5394026767979],[-0.214996197794738,51.5370614533292],[-0.207654204874829,51.5425920102704],[-0.204055911897964,51.5407755824474],[-0.202610088581166,51.5377931901804],[-0.202117399348233,51.5377721520998],[-0.201107176329609,51.5369342932173],[-0.199255467937392,51.5350048496284],[-0.204339073984006,51.5339198442164],[-0.203020689610941,51.5329005500129]]]},"properties":{"WD22CD":"E05013507","WD22NM":"Queens Park","LAD22NM":"Brent"}},{"type":"Feature","geometry":{"type":"Polygon","coordinates":[[[-0.176826267876741,51.524626254039],[-0.170113790155872,51.5199472819677],[-0.179906561423405,51.5201004248778],[-0.181467996814999,51.5210859551031],[-0.183549677177577,51.5211532783955],[-0.187797349402135,51.5225044717278],[-0.186893353727861,51.5232886000193],[-0.189803526836799,51.5247033974883],[-0.190278996818331,51.5249370706737],[-0.18929600173804,51.5255684726743],[-0.188949535755468,51.5253990089665],[-0.187339046972291,51.525948764852],[-0.184579249436215,51.5273026458425],[-0.183116675735911,51.5275380923855],[-0.183604263820749,51.5279287290466],[-0.183134515921895,51.5281579613147],[-0.182640526013662,51.5282537251698],[-0.182260553216378,51.5279483835112],[-0.181358550027571,51.5283880825431],[-0.176826267876741,51.524626254039]]]},"properties":{"WD22CD":"E05013799","WD22NM":"Little Venice","LAD22NM":"Westminster"}},{"type":"Feature","geometry":{"type":"Polygon","coordinates":[[[-0.0835383719572292,51.5163865221176],[-0.0845242153853914,51.5152552302212],[-0.0854712589752791,51.5148407933461],[-0.0888866227584846,51.5147149091235],[-0.0893190671314627,51.5156940623996],[-0.0879500445716501,51.5156533154886],[-0.0876213164474743,51.5171186511541],[-0.0856119501824042,51.5168467224401],[-0.0844397942800598,51.5177816949248],[-0.083102503709555,51.5175682476297],[-0.0835383719572292,51.5163865221176]]]},"properties":{"WD22CD":"E05009295","WD22NM":"Broad Street","LAD22NM":"City of London"}},{"type":"Feature","geometry":{"type":"Polygon","coordinates":[[[-0.0849960244072782,51.5262047436291],[-0.0847246621525608,51.5254175135315],[-0.0854170775569003,51.5245133705238],[-0.0851130529473164,51.5239265609152],[-0.0841971842372516,51.5239025999236],[-0.0851915950746035,51.520336203493],[-0.0862004216421469,51.5188114598553],[-0.0899806274706262,51.5199725580095],[-0.0896736961511622,51.520718376874],[-0.0923541809364011,51.5210352346731],[-0.0924906282435756,51.521487533861],[-0.0943185708892914,51.5214848957182],[-0.0950625766069462,51.5231390330961],[-0.0964436642363311,51.5228233499717],[-0.096760135788335,51.52332312423],[-0.097944360036117,51.5228773701882],[-0.097382426222659,51.5215942974358],[-0.0975685901436759,51.5211767277461],[-0.0976528638195659,51.5207226206592],[-0.100254255914613,51.5201314202724],[-0.101749342507811,51.5196829529722],[-0.101550536897113,51.5212015985177],[-0.102303096110288,51.523237052189],[-0.103195535606016,51.5243382698187],[-0.102871480444897,51.5245482116457],[-0.103499780420865,51.5258783255262],[-0.100111779437209,51.5265070663226],[-0.0914732348481195,51.5277594738147],[-0.0914896770890562,51.5281974727228],[-0.088629666525124,51.527388309476],[-0.087413558800756,51.5259596562416],[-0.0867690317325755,51.5257908223839],[-0.0849960244072782,51.5262047436291]]]},"properties":{"WD22CD":"E05013699","WD22NM":"Bunhill","LAD22NM":"Islington"}},{"type":"Feature","geometry":{"type":"Polygon","coordinates":[[[-0.121857906993595,51.5229924852766],[-0.125012816025377,51.5221899869851],[-0.121020915209181,51.5189688879868],[-0.120406704112241,51.5176218599194],[-0.130352202259822,51.5164348803781],[-0.130806305287935,51.5171035125327],[-0.13244929746451,51.5167196391939],[-0.132543431402028,51.5171662411925],[-0.133597086548045,51.517729785224],[-0.134044908645759,51.5175633135708],[-0.135232777091495,51.5189347704146],[-0.135826301642717,51.5186959871167],[-0.136296510253029,51.5191485532678],[-0.137007679760983,51.5188864624814],[-0.142875640188932,51.5238796679489],[-0.143494259717961,51.5239642040091],[-0.141837244208311,51.5241046879119],[-0.135395711007855,51.5257596571417],[-0.130817578076872,51.5273232624754],[-0.126191722998352,51.5291205644903],[-0.124224634781916,51.5269792272545],[-0.121857906993595,51.5229924852766]]]},"properties":{"WD22CD":"E05013653","WD22NM":"Bloomsbury","LAD22NM":"Camden"}},{"type":"Feature","geometry":{"type":"Polygon","coordinates":[[[-0.118867764102146,51.5747348402581],[-0.11954102784845,51.5743873916338],[-0.117559322018184,51.5741505421594],[-0.11555930895323,51.5725752985567],[-0.116101832968498,51.5721928732296],[-0.115689761974841,51.572022035014],[-0.120313647945579,51.569705347998],[-0.119079625345135,51.5685380139801],[-0.126446413776421,51.5648089977445],[-0.127488964534075,51.5651764945882],[-0.131554510362491,51.5678558857566],[-0.13232189444441,51.5672254938604],[-0.13512695246122,51.5684097714281],[-0.136104764918942,51.5680803762031],[-0.138317943054664,51.5706033196083],[-0.133393892888697,51.5728727412005],[-0.131363763720995,51.5735664424793],[-0.127470471434653,51.574156316902],[-0.124854940899845,51.5741001581157],[-0.123749376718683,51.57466521267],[-0.119624731395044,51.5755083278479],[-0.118867764102146,51.5747348402581]]]},"properties":{"WD22CD":"E05013705","WD22NM":"Hillrise","LAD22NM":"Islington"}},{"type":"Feature","geometry":{"type":"Polygon","coordinates":[[[-0.195559059434635,51.5764540981839],[-0.196678789854938,51.5760561866636],[-0.197220837591143,51.5774097882521],[-0.197847004812917,51.5773123610058],[-0.197709979814947,51.5769727553137],[-0.200295232266592,51.5763322334016],[-0.200772749368217,51.5766460234214],[-0.201275939979538,51.5764039336507],[-0.201825476684284,51.5775625054296],[-0.202262973518793,51.5775755093979],[-0.204523842807068,51.5760033152096],[-0.204093009796008,51.5757088327252],[-0.207404188196727,51.573864064532],[-0.206829449400218,51.573621110982],[-0.207910945096216,51.5731027706282],[-0.208157890596976,51.5725755361143],[-0.21080490243442,51.5719671449934],[-0.214067745979992,51.5747587155894],[-0.218353173916773,51.5767978982275],[-0.21473531816332,51.5784890899731],[-0.21179280288197,51.581237770851],[-0.210828917281323,51.5838924915957],[-0.208775499364817,51.5872852087561],[-0.207262519081115,51.5882020707534],[-0.205078325997086,51.5888213409758],[-0.199793702167016,51.5897786450202],[-0.199820280539814,51.5885104558082],[-0.199044908541061,51.5885016422518],[-0.19916384366274,51.5860565316575],[-0.198876117021916,51.5856613057839],[-0.198275876802054,51.5856916509944],[-0.198285055928619,51.5853859945021],[-0.198788277619972,51.5853944399534],[-0.198997867494291,51.5845001446336],[-0.198553505065446,51.5832369148038],[-0.199101924390967,51.5831657555134],[-0.19886410607717,51.5819837256797],[-0.194193139349099,51.5795052123547],[-0.192459923021285,51.5780309597579],[-0.195559059434635,51.5764540981839]]]},"properties":{"WD22CD":"E05013642","WD22NM":"Golders Green","LAD22NM":"Barnet"}},{"type":"Feature","geometry":{"type":"Polygon","coordinates":[[[-0.112634269294649,51.5882241640032],[-0.110417527596239,51.5842416792185],[-0.106306158327329,51.5796008207412],[-0.106657425499627,51.5794296154745],[-0.107500063170599,51.5798726274538],[-0.109369187534882,51.5801352054999],[-0.110191822346282,51.5799832626579],[-0.111916316779908,51.5821497202189],[-0.112477442526326,51.5817120097136],[-0.115946003834189,51.5808116111661],[-0.115852649546415,51.580544671966],[-0.117011806368254,51.5806105037525],[-0.118276503869052,51.5822496720141],[-0.118783278574578,51.5820657148052],[-0.11911283656854,51.5823912697785],[-0.121079969641357,51.581648033156],[-0.121445024788149,51.5818375737517],[-0.121015845643435,51.582144974613],[-0.122125111299688,51.5824594850648],[-0.122954266516027,51.5826188805603],[-0.123047214463932,51.5822436721438],[-0.124185669392586,51.5823267166973],[-0.124242286417366,51.5837460006526],[-0.125185297472458,51.5838577422318],[-0.127993436097253,51.5853611521311],[-0.129927814877715,51.585015217847],[-0.131668109319523,51.5850631764416],[-0.131884653634728,51.5853251842835],[-0.132423971701556,51.5851259618598],[-0.133140169653698,51.5860292370976],[-0.133904226879652,51.5873936594162],[-0.133629309712793,51.5881180348855],[-0.133177069045331,51.5879451137751],[-0.131717064465084,51.5895286878157],[-0.127288429248581,51.5899042202975],[-0.127610384095667,51.590863118905],[-0.123800942011611,51.5918257384104],[-0.119857331089235,51.5918760074765],[-0.118256551728436,51.5910621599949],[-0.115465802441589,51.5918933357738],[-0.112634269294649,51.5882241640032]]]},"properties":{"WD22CD":"E05013593","WD22NM":"Hornsey","LAD22NM":"Haringey"}},{"type":"Feature","geometry":{"type":"Polygon","coordinates":[[[-0.233818470091464,51.5323339940026],[-0.231369838482404,51.5310906228581],[-0.228478855909725,51.5303545050421],[-0.228703429046078,51.5298795333411],[-0.227387899403175,51.5278939090786],[-0.227171030383692,51.524794469214],[-0.226595753174306,51.5247974566214],[-0.226705350816774,51.5219781325676],[-0.228275863584396,51.5210976046671],[-0.226539154579125,51.5195790558103],[-0.222452182381575,51.5154108510613],[-0.220246973729936,51.5117337451814],[-0.224545528012118,51.5094870927828],[-0.224831685624308,51.5118744667764],[-0.226793019771083,51.5106901235715],[-0.2282944109437,51.5117652432603],[-0.227430913894031,51.5122681119558],[-0.230039956449588,51.5139504084346],[-0.230108512958847,51.5148486154873],[-0.238349917597278,51.5142321829123],[-0.240729937159432,51.5143809539853],[-0.248976412979456,51.5138867544676],[-0.250581402008372,51.5185416280638],[-0.250698073971149,51.519484890015],[-0.250281601235,51.5201585044325],[-0.251800085186841,51.5221065758378],[-0.252505724362234,51.5250890316742],[-0.250271552539202,51.5271860172378],[-0.250597475241526,51.5277843953145],[-0.250042423519836,51.5281979296897],[-0.250444807845045,51.528343274855],[-0.249620848034139,51.5290764396493],[-0.246931842030254,51.5307314658362],[-0.245245206826701,51.5312142908558],[-0.246970758696239,51.5317850436369],[-0.246287507126217,51.5327541192766],[-0.243405057901272,51.5317865831082],[-0.23732596935564,51.5320200846257],[-0.234399574268488,51.5326388476442],[-0.233818470091464,51.5323339940026]]]},"properties":{"WD22CD":"E05013736","WD22NM":"College Park & Old Oak","LAD22NM":"Hammersmith and Fulham"}},{"type":"Feature","geometry":{"type":"Polygon","coordinates":[[[-0.198490748661585,51.4990935759988],[-0.20583673488165,51.4966477809787],[-0.204685183312334,51.4962560825193],[-0.201923379115817,51.4940249592802],[-0.203083347764152,51.4933725212104],[-0.207363915552823,51.4961483808127],[-0.207977648253101,51.4960231558301],[-0.210246339787453,51.4981288398297],[-0.214109276103222,51.5007712791706],[-0.215021105449591,51.5021889065966],[-0.216986053178403,51.5044655749063],[-0.217010788529331,51.5045026471463],[-0.203784687890067,51.5076854922465],[-0.198490748661585,51.4990935759988]]]},"properties":{"WD22CD":"E05009397","WD22NM":"Holland","LAD22NM":"Kensington and Chelsea"}},{"type":"Feature","geometry":{"type":"Polygon","coordinates":[[[-0.0907193725000472,51.5116962027953],[-0.0893839631498887,51.5114415174222],[-0.0879927420707456,51.5111778155696],[-0.0884350379577494,51.5104593408568],[-0.0879518313063048,51.5102284176868],[-0.0885154156222161,51.5089726256847],[-0.0886428099117543,51.5089714313473],[-0.091866003141197,51.5094076549016],[-0.0912270951072467,51.5105147086759],[-0.0925583945064007,51.5107621134087],[-0.0920064686492838,51.5120040275153],[-0.0907193725000472,51.5116962027953]]]},"properties":{"WD22CD":"E05009303","WD22NM":"Dowgate","LAD22NM":"City of London"}},{"type":"Feature","geometry":{"type":"Polygon","coordinates":[[[-0.0781532047111421,51.5366513602116],[-0.0768626776615197,51.536480941593],[-0.0770515208915054,51.5314184637793],[-0.0778663704130974,51.5287799624041],[-0.0757153095558964,51.5283581951982],[-0.0772734871357757,51.5273053544582],[-0.0762971095866288,51.5271422093172],[-0.0766410444439245,51.5263467530268],[-0.076456938979564,51.5243130358659],[-0.0759273904518611,51.5243390730985],[-0.0757417110885002,51.5236813593366],[-0.076119965722006,51.5223689791196],[-0.0764583205438268,51.5220464721232],[-0.0782521040744254,51.5219025828099],[-0.0785337820564326,51.5215053445643],[-0.0810408173535679,51.5219730581335],[-0.0817731359017545,51.5207454022021],[-0.0831233098925708,51.5198516137617],[-0.0851915950746035,51.520336203493],[-0.0841971842372516,51.5239025999236],[-0.0851130529473164,51.5239265609152],[-0.0854170775569003,51.5245133705238],[-0.0847246621525608,51.5254175135315],[-0.0849960244072782,51.5262047436291],[-0.0837152903453545,51.5265548043744],[-0.0835966285131202,51.5290708053249],[-0.082918256733914,51.530563205613],[-0.0830064075811121,51.5332004457925],[-0.0861994712346385,51.5331473750592],[-0.0863084019881658,51.5337471745294],[-0.0876687278494624,51.5333548438798],[-0.0896640268378087,51.5360095892947],[-0.0865907957638547,51.5372571635935],[-0.0842131350765271,51.5374925012582],[-0.0781532047111421,51.5366513602116]]]},"properties":{"WD22CD":"E05009377","WD22NM":"Hoxton East & Shoreditch","LAD22NM":"Hackney"}},{"type":"Feature","geometry":{"type":"Polygon","coordinates":[[[-0.097196334688646,51.5118967751419],[-0.0970812353214012,51.5115109359116],[-0.0953499968796839,51.5111393153068],[-0.0951595283299795,51.5118367370006],[-0.0947066656498848,51.5118113988718],[-0.094596235631204,51.5111405550549],[-0.0952308931544928,51.5101800166688],[-0.0951751441562631,51.5106166891027],[-0.0961366136369101,51.5102658470926],[-0.0998065877454091,51.5108169764466],[-0.099655061712122,51.5117208812611],[-0.0984550176480706,51.5119522543864],[-0.097196334688646,51.5118967751419]]]},"properties":{"WD22CD":"E05009309","WD22NM":"Queenhithe","LAD22NM":"City of London"}},{"type":"Feature","geometry":{"type":"Polygon","coordinates":[[[-0.143494259717961,51.5239642040091],[-0.142875640188932,51.5238796679489],[-0.137007679760983,51.5188864624814],[-0.136296510253029,51.5191485532678],[-0.135826301642717,51.5186959871167],[-0.135232777091495,51.5189347704146],[-0.134044908645759,51.5175633135708],[-0.133597086548045,51.517729785224],[-0.132543431402028,51.5171662411925],[-0.13244929746451,51.5167196391939],[-0.130806305287935,51.5171035125327],[-0.130352202259822,51.5164348803781],[-0.129827063055846,51.5144791434697],[-0.129041448588674,51.5134527300329],[-0.129695008180249,51.5128998164249],[-0.133110407697912,51.5114816548448],[-0.13474177779872,51.5097363808769],[-0.141205796698155,51.5075449570218],[-0.149887541323165,51.5032090087203],[-0.152211331168562,51.5030525403806],[-0.152520650063153,51.5039082128447],[-0.151939855200752,51.5051883001985],[-0.152119016592576,51.5065402099034],[-0.156696750618149,51.5103712313828],[-0.158476590083073,51.5134116813052],[-0.160018292405682,51.5132263599024],[-0.161641146385814,51.5142188510758],[-0.142961958513316,51.5173733884812],[-0.143331103697988,51.5178610458131],[-0.14416827956103,51.5179528107961],[-0.146330971022631,51.5228497245812],[-0.147315588882114,51.5229806216395],[-0.147957055444403,51.5234780462583],[-0.14517318268498,51.5239960338076],[-0.144129428952446,51.5239975028278],[-0.14396420471523,51.5246900961157],[-0.143389316488256,51.5245433580479],[-0.143494259717961,51.5239642040091]]]},"properties":{"WD22CD":"E05013808","WD22NM":"West End","LAD22NM":"Westminster"}},{"type":"Feature","geometry":{"type":"Polygon","coordinates":[[[-0.105322049415006,51.518544582242],[-0.107807134757825,51.5177674867918],[-0.113795291953892,51.5182593202663],[-0.111581077794617,51.5153396471014],[-0.113833608229958,51.5148220028531],[-0.114692654293649,51.5160417493048],[-0.11946757789129,51.5145068164441],[-0.121817842762482,51.5148682001343],[-0.122072579434114,51.5146295463754],[-0.122868560832358,51.5151458259399],[-0.127327383807263,51.5126667616112],[-0.129041448588674,51.5134527300329],[-0.129827063055846,51.5144791434697],[-0.130352202259822,51.5164348803781],[-0.120406704112241,51.5176218599194],[-0.121020915209181,51.5189688879868],[-0.125012816025377,51.5221899869851],[-0.121857906993595,51.5229924852766],[-0.115938992002982,51.5243602513096],[-0.114227491789358,51.5255189133939],[-0.112537126532448,51.5237956424082],[-0.108965324316871,51.5230214256492],[-0.108254191794709,51.5220944896202],[-0.106994564741237,51.5221911393223],[-0.105322049415006,51.518544582242]]]},"properties":{"WD22CD":"E05013662","WD22NM":"Holborn & Covent Garden","LAD22NM":"Camden"}},{"type":"Feature","geometry":{"type":"Polygon","coordinates":[[[-0.100111779437209,51.5265070663226],[-0.103499780420865,51.5258783255262],[-0.102871480444897,51.5245482116457],[-0.103195535606016,51.5243382698187],[-0.102303096110288,51.523237052189],[-0.101550536897113,51.5212015985177],[-0.101749342507811,51.5196829529722],[-0.105322049415006,51.518544582242],[-0.106994564741237,51.5221911393223],[-0.108254191794709,51.5220944896202],[-0.108965324316871,51.5230214256492],[-0.112537126532448,51.5237956424082],[-0.114227491789358,51.5255189133939],[-0.112923408795948,51.5264107148457],[-0.115406440049286,51.5277240028512],[-0.115990695256413,51.5298448215257],[-0.119870070991019,51.5309394886792],[-0.114166862243296,51.5313790591455],[-0.106257140740625,51.5319047326703],[-0.104882357884602,51.5295625007817],[-0.104803718499244,51.5284236564296],[-0.102465477010949,51.5297827782963],[-0.101300495630542,51.5289317395825],[-0.100111779437209,51.5265070663226]]]},"properties":{"WD22CD":"E05013702","WD22NM":"Clerkenwell","LAD22NM":"Islington"}},{"type":"Feature","geometry":{"type":"Polygon","coordinates":[[[-0.161641146385814,51.5142188510758],[-0.160018292405682,51.5132263599024],[-0.158476590083073,51.5134116813052],[-0.156696750618149,51.5103712313828],[-0.152119016592576,51.5065402099034],[-0.151939855200752,51.5051883001985],[-0.152520650063153,51.5039082128447],[-0.163216754326564,51.5059420156995],[-0.169137375432457,51.5060371751893],[-0.171232030021368,51.5066780255957],[-0.170387842296678,51.5073834152065],[-0.17065033454105,51.5098527195459],[-0.172737835709478,51.5111122705702],[-0.172277497620776,51.5120120130273],[-0.173990874093835,51.5118456890982],[-0.176018028586576,51.5133174910863],[-0.174666200563527,51.514077911093],[-0.180451803331622,51.5179488098601],[-0.180180813015298,51.5180780949],[-0.18332536633873,51.5184064900173],[-0.184942891422216,51.5195254123183],[-0.179906561423405,51.5201004248778],[-0.170113790155872,51.5199472819677],[-0.165246888495999,51.5207699720101],[-0.165985740390241,51.5192585880439],[-0.167442734284429,51.5181154943003],[-0.161641146385814,51.5142188510758]]]},"properties":{"WD22CD":"E05013796","WD22NM":"Hyde Park","LAD22NM":"Westminster"}},{"type":"Feature","geometry":{"type":"Polygon","coordinates":[[[-0.142711032747907,51.4965536260831],[-0.140628270721253,51.4940201985586],[-0.131512874923402,51.4896078769303],[-0.132408812558886,51.4889595706807],[-0.133709092554157,51.4890216050616],[-0.141407112854475,51.4877542885288],[-0.146050388614941,51.4899856333158],[-0.146244541993686,51.4903640093692],[-0.148260457676381,51.490062314598],[-0.149718546523045,51.4908018648092],[-0.147807722291891,51.492525006812],[-0.144841385422374,51.4966975042946],[-0.142711032747907,51.4965536260831]]]},"properties":{"WD22CD":"E05013802","WD22NM":"Pimlico North","LAD22NM":"Westminster"}},{"type":"Feature","geometry":{"type":"Polygon","coordinates":[[[-0.215521628734731,51.5083942416232],[-0.215179030097773,51.5076480723849],[-0.216119502145437,51.5075207244803],[-0.2159395239743,51.5064024702982],[-0.217966167965558,51.5061461261029],[-0.217010788529331,51.5045026471463],[-0.216986053178403,51.5044655749063],[-0.222420500696318,51.5035508079571],[-0.226703262983556,51.5023910081922],[-0.228524392255636,51.5020385200568],[-0.228632678634297,51.5023274334407],[-0.229848664433868,51.5021348534283],[-0.23056881932774,51.5039046511239],[-0.23071791296123,51.505851305282],[-0.230277339864569,51.505869409568],[-0.23030135472004,51.5061350638075],[-0.226414037048515,51.5054693082563],[-0.22581308867979,51.5078652200064],[-0.224545528012118,51.5094870927828],[-0.220246973729936,51.5117337451814],[-0.219262545467358,51.5095761038162],[-0.21786467381903,51.5097607541179],[-0.218028251005032,51.510228561694],[-0.217185744616799,51.5103934017084],[-0.216817842915334,51.5094453813954],[-0.215797339025457,51.5091161077113],[-0.215521628734731,51.5083942416232]]]},"properties":{"WD22CD":"E05013748","WD22NM":"Shepherd's Bush Green","LAD22NM":"Hammersmith and Fulham"}},{"type":"Feature","geometry":{"type":"Polygon","coordinates":[[[-0.189480689127471,51.4946833735118],[-0.191102271815383,51.4947317694565],[-0.195626516559599,51.4944975058481],[-0.200296220028337,51.4928012631799],[-0.201811499301514,51.491852408748],[-0.203083347764152,51.4933725212104],[-0.201923379115817,51.4940249592802],[-0.204685183312334,51.4962560825193],[-0.20583673488165,51.4966477809787],[-0.198490748661585,51.4990935759988],[-0.19311360384684,51.5010270683741],[-0.190163479952474,51.4986479359386],[-0.190159668960507,51.4981236649566],[-0.189359799026087,51.4981310971109],[-0.188944912905483,51.4962757888635],[-0.188462058659819,51.4963564348841],[-0.189480689127471,51.4946833735118]]]},"properties":{"WD22CD":"E05009388","WD22NM":"Abingdon","LAD22NM":"Kensington and Chelsea"}},{"type":"Feature","geometry":{"type":"Polygon","coordinates":[[[-0.0761177035347565,51.5044102297337],[-0.0774922020748562,51.5023533045617],[-0.0701194196627833,51.4987663360262],[-0.0705762489387574,51.4984555156308],[-0.0728307899619234,51.4981212238714],[-0.0739394794884516,51.4980000111349],[-0.0731853823615952,51.4957619203787],[-0.0764697294585785,51.4950191524991],[-0.0782944232288968,51.4931516094762],[-0.0797932067372294,51.4921787952556],[-0.0815564455136054,51.4928290668372],[-0.0835492530112266,51.4926800597008],[-0.0852866214607926,51.4939521554195],[-0.0848237096182282,51.4946864703375],[-0.0819046618854047,51.496648684385],[-0.0822987929972354,51.4969374268985],[-0.0814035893397275,51.4979444238337],[-0.0839914799727153,51.4984876026899],[-0.0892429655278758,51.500727067055],[-0.088388741283029,51.5021673109726],[-0.0917411161881288,51.5032155849448],[-0.0885150174986902,51.5060353248454],[-0.0881483393038312,51.5069149142955],[-0.0881458819612396,51.5069147168642],[-0.0880753410860817,51.5069090579612],[-0.0861288990040808,51.5065467727106],[-0.0846875740958499,51.506622610235],[-0.0811352973936893,51.5059399527537],[-0.0761201075022788,51.5044108006686],[-0.0761177035347565,51.5044102297337]]]},"properties":{"WD22CD":"E05011104","WD22NM":"London Bridge & West Bermondsey","LAD22NM":"Southwark"}},{"type":"Feature","geometry":{"type":"Polygon","coordinates":[[[-0.188746225722953,51.5529461479741],[-0.192553390359599,51.5519557968483],[-0.193064928164017,51.5522174877762],[-0.198661837208795,51.5516221662494],[-0.197445134326969,51.5492865324946],[-0.197796947667277,51.5480089618205],[-0.19976681981413,51.5479787157989],[-0.203711511004685,51.5469596248513],[-0.213476554588311,51.555188542315],[-0.210004225496615,51.5567542884796],[-0.208825878780286,51.5557376857368],[-0.205967506046487,51.556418404815],[-0.205790388624826,51.5553077866553],[-0.199385017692441,51.5561952331522],[-0.199635255947523,51.5569823795093],[-0.198508301301288,51.5581592256088],[-0.198454169049239,51.5587618038264],[-0.197959766310752,51.5591184840455],[-0.19759835415856,51.5588817970343],[-0.1967928195342,51.5591859494606],[-0.194567123266621,51.5562790010539],[-0.188746225722953,51.5529461479741]]]},"properties":{"WD22CD":"E05013656","WD22NM":"Fortune Green","LAD22NM":"Camden"}},{"type":"Feature","geometry":{"type":"Polygon","coordinates":[[[-0.203522652826487,51.5467782832017],[-0.203441196980801,51.5467097865813],[-0.201907715003858,51.5452888464907],[-0.207654204874829,51.5425920102704],[-0.214996197794738,51.5370614533292],[-0.218605525636655,51.5394026767979],[-0.221455264462541,51.5380869514531],[-0.221791516948233,51.5373934656031],[-0.222474301156189,51.5372182436982],[-0.222127216231759,51.5369372720778],[-0.22618911699264,51.5362910363019],[-0.226443183007727,51.5369324514813],[-0.226759927140311,51.5369152971943],[-0.226834037980182,51.5365402034565],[-0.227337643304198,51.536468462848],[-0.227214307646772,51.536134098455],[-0.228954147728711,51.5361952205981],[-0.229659040523114,51.5364792334784],[-0.229379732209232,51.5368098126139],[-0.230543615307994,51.5372052398922],[-0.227449333617295,51.5409097884138],[-0.227920966569686,51.5413568298052],[-0.230458255580143,51.5413551081322],[-0.233054502316071,51.5418822636761],[-0.23245930635868,51.5428113139753],[-0.232518251452087,51.5438743146572],[-0.231902776371438,51.5443826537689],[-0.232206187879065,51.5456441162709],[-0.229279757017087,51.5456423431371],[-0.22932203751393,51.5465242128961],[-0.22776636318805,51.5469906366139],[-0.225355660285161,51.5462574997507],[-0.224648709337357,51.5464675727892],[-0.224596688179502,51.5461997959569],[-0.221271706617939,51.546499787864],[-0.220879576494587,51.5471718834396],[-0.218422048537653,51.5486967861266],[-0.208903997963644,51.5472278064111],[-0.203522652826487,51.5467782832017]]]},"properties":{"WD22CD":"E05013498","WD22NM":"Brondesbury Park","LAD22NM":"Brent"}},{"type":"Feature","geometry":{"type":"Polygon","coordinates":[[[-0.215021105449591,51.5021889065966],[-0.21621194153748,51.5016240842602],[-0.215621265905032,51.5011989590722],[-0.219323817081996,51.4991916532976],[-0.222061084744017,51.4997049878719],[-0.222826191764947,51.4971631948124],[-0.224796519725749,51.4972813361623],[-0.225048319473687,51.4984498716017],[-0.225460796714628,51.498806015049],[-0.225976754346381,51.4987757800671],[-0.226703262983556,51.5023910081922],[-0.222420500696318,51.5035508079571],[-0.216986053178403,51.5044655749063],[-0.215021105449591,51.5021889065966]]]},"properties":{"WD22CD":"E05013733","WD22NM":"Addison","LAD22NM":"Hammersmith and Fulham"}},{"type":"Feature","geometry":{"type":"Polygon","coordinates":[[[-0.10885685391314,51.5084260718197],[-0.108713517082427,51.5077653673179],[-0.108165120623374,51.506922229912],[-0.107339278581603,51.5070720748597],[-0.106485995859914,51.5050629747791],[-0.106403245614518,51.5033666726586],[-0.107392355517294,51.5030356321396],[-0.106757427141596,51.5022096234348],[-0.106077481040306,51.5025242815782],[-0.105916624737803,51.5020333869678],[-0.106474237492275,51.5015707886063],[-0.108266982298513,51.5004426032095],[-0.11025774232304,51.4967632911564],[-0.111466566638069,51.4964588687304],[-0.115515432858249,51.4955132062018],[-0.11677643061449,51.4935913290452],[-0.118191666737099,51.4924032727678],[-0.121734610600853,51.4931474622014],[-0.121353582908502,51.4943739630474],[-0.119380608631458,51.5038144306315],[-0.119361076119007,51.5038486927515],[-0.118228889290303,51.5058346136547],[-0.116844065492178,51.5069531187966],[-0.115120220889926,51.5076601383932],[-0.111002562487437,51.5084922760106],[-0.110687379627812,51.5082385501346],[-0.108906173705697,51.5084244982611],[-0.10885685391314,51.5084260718197]]]},"properties":{"WD22CD":"E05014118","WD22NM":"Waterloo & South Bank","LAD22NM":"Lambeth"}},{"type":"Feature","geometry":{"type":"Polygon","coordinates":[[[-0.118191666737099,51.4924032727678],[-0.118728379782777,51.4916854427013],[-0.114484636986032,51.4899846060791],[-0.114914160344561,51.4894471208344],[-0.114504907363571,51.4890054114315],[-0.114844628238113,51.4888856249185],[-0.113024413740892,51.4870276638301],[-0.114618001328784,51.4869366343845],[-0.119171562157067,51.4864357320296],[-0.118512351067002,51.4847460984037],[-0.118841657144157,51.484010573106],[-0.120468795714796,51.4837243260698],[-0.120662414973568,51.4822029808393],[-0.121079669093409,51.482340305165],[-0.121458082236892,51.4818416731085],[-0.123906079418891,51.482628727828],[-0.124666926746773,51.4810767659286],[-0.1260719111733,51.4810975700817],[-0.126133048702764,51.4815348502674],[-0.127634972473797,51.4814378285931],[-0.128442233875154,51.4796255556021],[-0.130657115030807,51.4801727635466],[-0.129924669238273,51.4811785058875],[-0.127475136619603,51.4820225016323],[-0.126338564335188,51.4844668423445],[-0.128146725824501,51.4847367491017],[-0.128499539214331,51.4850453217911],[-0.128446300105987,51.4850649125732],[-0.126999150376349,51.4858164535892],[-0.12571611397971,51.4870068477031],[-0.124885072740546,51.4878578266055],[-0.124204750490972,51.4878545007351],[-0.122122039961002,51.4919002600389],[-0.121734610600853,51.4931474622014],[-0.118191666737099,51.4924032727678]]]},"properties":{"WD22CD":"E05014117","WD22NM":"Vauxhall","LAD22NM":"Lambeth"}},{"type":"Feature","geometry":{"type":"Polygon","coordinates":[[[-0.0888866227584846,51.5147149091235],[-0.0854712589752791,51.5148407933461],[-0.0863854997085643,51.5141057603463],[-0.0889403652944539,51.5133973793678],[-0.0869178379047342,51.5133383276816],[-0.0871181128589542,51.5126851345758],[-0.0886648345632041,51.513160942725],[-0.0883689549035897,51.5127919285408],[-0.0893839631498887,51.5114415174222],[-0.0907193725000472,51.5116962027953],[-0.0900905452442905,51.5128433556468],[-0.0906323897413872,51.5131534400233],[-0.0897213622774144,51.5133993166609],[-0.0911565262369554,51.5136484311555],[-0.0908439239579019,51.5143348653337],[-0.0917833104984688,51.5144455426749],[-0.0910847293565973,51.5149871567946],[-0.0888866227584846,51.5147149091235]]]},"properties":{"WD22CD":"E05009312","WD22NM":"Walbrook","LAD22NM":"City of London"}},{"type":"Feature","geometry":{"type":"Polygon","coordinates":[[[-0.0852866214607926,51.4939521554195],[-0.0835492530112266,51.4926800597008],[-0.081088602450491,51.4907639125519],[-0.0866027196828867,51.4893225568811],[-0.0889788952027656,51.4895447906872],[-0.0878668236225057,51.4885122123181],[-0.0905991137644473,51.4877600216996],[-0.0904629997850041,51.4875356584728],[-0.0909991828892621,51.487397848412],[-0.0913706329152871,51.4879442929117],[-0.0931823383109827,51.4873676475393],[-0.0927670609473306,51.4868600524715],[-0.0933140608770912,51.4866611843176],[-0.0931171849385904,51.4864070675769],[-0.0959929956964748,51.4856624799572],[-0.098766148719701,51.4902937138727],[-0.099187489127448,51.4922142789373],[-0.100897975640707,51.491648458725],[-0.101782842043611,51.4922976694346],[-0.100368126528807,51.4933394712127],[-0.100660304744526,51.4946966880926],[-0.0998084071740396,51.4950613754799],[-0.0943312351141251,51.4941498140082],[-0.0867100081202956,51.4942263031021],[-0.0852866214607926,51.4939521554195]]]},"properties":{"WD22CD":"E05011107","WD22NM":"North Walworth","LAD22NM":"Southwark"}},{"type":"Feature","geometry":{"type":"Polygon","coordinates":[[[-0.156296125347311,51.6053698665318],[-0.161761102286481,51.5974788597696],[-0.159649923746813,51.5922679603334],[-0.158838432518651,51.5923774960319],[-0.15866381572486,51.5920564249414],[-0.15945527742074,51.5915823940472],[-0.160247634409978,51.5879798067871],[-0.158615063308456,51.5879775852844],[-0.158679522992836,51.5866333521001],[-0.157404460804921,51.586571091332],[-0.157158754391415,51.5862030538117],[-0.157896449412873,51.5862191256628],[-0.157940625642769,51.5857359864779],[-0.159617382195295,51.5844628864253],[-0.161321501018199,51.5852781759238],[-0.165802952374948,51.58775517865],[-0.16803129405158,51.5894198631432],[-0.168890715557572,51.5889953481978],[-0.168817634875351,51.5871628908477],[-0.173093115946167,51.5874525814131],[-0.175695245540512,51.5886958329724],[-0.177348656483953,51.5880614922591],[-0.178951776109783,51.5887284599942],[-0.179808540528887,51.5883496878461],[-0.179924158464397,51.5879604166643],[-0.180549209985228,51.5880309316885],[-0.180045307345284,51.590280903064],[-0.179134839270312,51.591875076916],[-0.184562333372765,51.5944052703879],[-0.181299867702721,51.5961461151144],[-0.173453365076942,51.6013553898248],[-0.169907464929027,51.6029473943545],[-0.162563004517594,51.6054887738057],[-0.159730590271794,51.6057749586341],[-0.156322104643089,51.6056935758149],[-0.156296125347311,51.6053698665318]]]},"properties":{"WD22CD":"E05013636","WD22NM":"East Finchley","LAD22NM":"Barnet"}},{"type":"Feature","geometry":{"type":"Polygon","coordinates":[[[-0.213476554588311,51.555188542315],[-0.203711511004685,51.5469596248513],[-0.203522652826487,51.5467782832017],[-0.208903997963644,51.5472278064111],[-0.218422048537653,51.5486967861266],[-0.219735509207666,51.5489004009724],[-0.219439436424536,51.5495468320565],[-0.220355774659697,51.5497066690739],[-0.220193457704291,51.5499640252334],[-0.219314948464584,51.54981207925],[-0.217486652085782,51.5526824647195],[-0.218620341734359,51.5527264496424],[-0.219919245392158,51.5533667739592],[-0.226813938174991,51.5536341533814],[-0.22801554263472,51.5540697881688],[-0.228818528087524,51.5549085597941],[-0.23062012749578,51.5547994992355],[-0.231012859166712,51.555924104196],[-0.23060631355481,51.5568842341096],[-0.231406779075903,51.5575689490287],[-0.22855945176684,51.5585257173435],[-0.223449009781656,51.5611374484414],[-0.220632876744405,51.5616707747097],[-0.218625546487457,51.5594205274828],[-0.213476554588311,51.555188542315]]]},"properties":{"WD22CD":"E05013499","WD22NM":"Cricklewood & Mapesbury","LAD22NM":"Brent"}},{"type":"Feature","geometry":{"type":"Polygon","coordinates":[[[-0.179537192577749,51.5468907587462],[-0.178409359885517,51.5457745383203],[-0.17595317167673,51.5447121227426],[-0.175081583707601,51.5435893305212],[-0.17576552433296,51.5396167268367],[-0.178328139673015,51.539794984165],[-0.179250965278331,51.5412232397189],[-0.182540180275634,51.540663230537],[-0.186914564261521,51.53940897017],[-0.187298110313581,51.5398959916954],[-0.185688037908054,51.5402286826235],[-0.185933540099502,51.5407059858507],[-0.188153600434554,51.5407934308296],[-0.188572411083338,51.5404694767248],[-0.19008137217825,51.5411169188407],[-0.19198018147515,51.541064137485],[-0.193179605896627,51.5424114970104],[-0.192457068145801,51.5445331442915],[-0.191706375008874,51.5450325077092],[-0.191115679340636,51.5467548962816],[-0.182692672553898,51.5474682562535],[-0.181643811696385,51.5474073141107],[-0.180108706099622,51.546715275657],[-0.179537192577749,51.5468907587462]]]},"properties":{"WD22CD":"E05013670","WD22NM":"South Hampstead","LAD22NM":"Camden"}},{"type":"Feature","geometry":{"type":"Polygon","coordinates":[[[-0.161277839067888,51.5454653462211],[-0.159560516815019,51.5441355082503],[-0.159544652279486,51.5431128394463],[-0.155008380868182,51.5428965450369],[-0.153115520298077,51.5423403827652],[-0.151153060734249,51.5412643625327],[-0.14628240247291,51.5367646062807],[-0.146786154095503,51.5361347113648],[-0.149707805147015,51.5372653382274],[-0.152706883198073,51.5375212232938],[-0.159416289405085,51.5363636454812],[-0.160461397148228,51.5372833582205],[-0.164935703520094,51.5357815053199],[-0.169517481454141,51.5385994585462],[-0.170864978635647,51.5377949134142],[-0.171955952053823,51.5383847660793],[-0.173485635946981,51.5376342787527],[-0.174116240229673,51.5382016557547],[-0.173896380620828,51.5394787764227],[-0.17576552433296,51.5396167268367],[-0.175081583707601,51.5435893305212],[-0.173473099736871,51.5441227443171],[-0.162887329511883,51.5455241074284],[-0.161277839067888,51.5454653462211]]]},"properties":{"WD22CD":"E05013667","WD22NM":"Primrose Hill","LAD22NM":"Camden"}},{"type":"Feature","geometry":{"type":"Polygon","coordinates":[[[-0.137485538954274,51.5407934252287],[-0.136617650373953,51.5407940088841],[-0.132408843292803,51.5383220712161],[-0.128761974434672,51.5369612601484],[-0.126333641155928,51.5346937907901],[-0.126536663775962,51.5341489537563],[-0.128622482612542,51.5334757924782],[-0.126191722998352,51.5291205644903],[-0.130817578076872,51.5273232624754],[-0.135069295211725,51.5312409300094],[-0.136544014345459,51.5309819903753],[-0.139048549204604,51.5317380117758],[-0.139279023310662,51.5324890511737],[-0.137793701134849,51.5327526234369],[-0.136140596863744,51.5336214644227],[-0.135473544990399,51.5344725938089],[-0.135475202677153,51.5352432966138],[-0.137355895170478,51.5347525784775],[-0.139936467352813,51.5375845845075],[-0.141409418080943,51.5391226266006],[-0.139332063159206,51.5398767852095],[-0.139878407729634,51.5405135896422],[-0.139091528406554,51.5410439394133],[-0.137485538954274,51.5407934252287]]]},"properties":{"WD22CD":"E05013669","WD22NM":"St Pancras & Somers Town","LAD22NM":"Camden"}},{"type":"Feature","geometry":{"type":"Polygon","coordinates":[[[-0.130817578076872,51.5273232624754],[-0.135395711007855,51.5257596571417],[-0.141837244208311,51.5241046879119],[-0.143494259717961,51.5239642040091],[-0.143389316488256,51.5245433580479],[-0.14396420471523,51.5246900961157],[-0.144129428952446,51.5239975028278],[-0.14517318268498,51.5239960338076],[-0.145790140032812,51.5252719486623],[-0.147170377877423,51.525042931689],[-0.152706883198073,51.5375212232938],[-0.149707805147015,51.5372653382274],[-0.146786154095503,51.5361347113648],[-0.14628240247291,51.5367646062807],[-0.145353037491618,51.536431758558],[-0.143530731045792,51.5364521308471],[-0.139936467352813,51.5375845845075],[-0.137355895170478,51.5347525784775],[-0.135475202677153,51.5352432966138],[-0.135473544990399,51.5344725938089],[-0.136140596863744,51.5336214644227],[-0.137793701134849,51.5327526234369],[-0.139279023310662,51.5324890511737],[-0.139048549204604,51.5317380117758],[-0.136544014345459,51.5309819903753],[-0.135069295211725,51.5312409300094],[-0.130817578076872,51.5273232624754]]]},"properties":{"WD22CD":"E05013668","WD22NM":"Regent's Park","LAD22NM":"Camden"}},{"type":"Feature","geometry":{"type":"MultiPolygon","coordinates":[[[[-0.201708634429896,51.5455404281816],[-0.201745838964482,51.5455283062479],[-0.201718738602047,51.5455603227191],[-0.201708634429896,51.5455404281816]]],[[[-0.201708634429896,51.5455404281816],[-0.201697917922262,51.5455439203222],[-0.201718738602047,51.5455603227191],[-0.202976935310423,51.5466844991598],[-0.203441196980801,51.5467097865813],[-0.203522652826487,51.5467782832017],[-0.203711511004685,51.5469596248513],[-0.19976681981413,51.5479787157989],[-0.197796947667277,51.5480089618205],[-0.197445134326969,51.5492865324946],[-0.198661837208795,51.5516221662494],[-0.193064928164017,51.5522174877762],[-0.192553390359599,51.5519557968483],[-0.188746225722953,51.5529461479741],[-0.18565931980723,51.5520868044015],[-0.181804805228122,51.5496342197476],[-0.180252385666018,51.5476633337619],[-0.179537192577749,51.5468907587462],[-0.180108706099622,51.546715275657],[-0.181643811696385,51.5474073141107],[-0.182692672553898,51.5474682562535],[-0.191115679340636,51.5467548962816],[-0.191706375008874,51.5450325077092],[-0.192457068145801,51.5445331442915],[-0.193161828213012,51.544539728208],[-0.193197291637834,51.5442307488692],[-0.193811177136231,51.5441520733539],[-0.196965552015429,51.544472617045],[-0.197019248688513,51.5449967651292],[-0.196271896043614,51.5458486670956],[-0.195895474795395,51.5457902377748],[-0.195846659509112,51.5463343463127],[-0.197706617899386,51.5463524632175],[-0.201630103910252,51.5453858232313],[-0.201708634429896,51.5455404281816]]]]},"properties":{"WD22CD":"E05013671","WD22NM":"West Hampstead","LAD22NM":"Camden"}},{"type":"Feature","geometry":{"type":"Polygon","coordinates":[[[-0.224873012016475,51.4931754434928],[-0.219451384300693,51.49323412163],[-0.219294691615096,51.4912411321386],[-0.216893791385306,51.4907793954488],[-0.214566333599715,51.4907889569479],[-0.214590087757858,51.4904635989855],[-0.213230849693637,51.4903935731892],[-0.213231665778805,51.490098726974],[-0.213709345863666,51.4901458585602],[-0.215912397536472,51.4898564844468],[-0.215876289527793,51.4893793253789],[-0.222203706704959,51.4877457357709],[-0.226448500309481,51.486048019367],[-0.227573960690401,51.4874066055162],[-0.227605756822565,51.4874449863529],[-0.228668819635466,51.4888268172304],[-0.232784836460965,51.4901874378799],[-0.234368475894577,51.4904110916443],[-0.234462639775293,51.4904063067629],[-0.234595171525573,51.4903995714303],[-0.234667126706862,51.4910745781253],[-0.233966867819221,51.4943953558692],[-0.229749102979853,51.4944640049903],[-0.229621488352064,51.4936262297259],[-0.226398720774788,51.4936947708646],[-0.224873012016475,51.4931754434928]]]},"properties":{"WD22CD":"E05013741","WD22NM":"Hammersmith Broadway","LAD22NM":"Hammersmith and Fulham"}}]}
